,city,area,geoarea,population,climate_class,builtup_area,income_group,orientation_entropy,walk_prox_poi_mean,walk_prox_poi_median,walk_prox_poi_range,walk_prox_poi_std,walk_prox_poi_iqr,walk_prox_pub_transport_mean,walk_prox_pub_transport_median,walk_prox_pub_transport_range,walk_prox_pub_transport_std,walk_prox_pub_transport_iqr,walk_circuity,walk_street_len_mean,walk_street_len_median,walk_street_len_range,walk_street_len_std,walk_street_len_iqr,walk_street_density,walk_street_len_total,walk_link_node_ratio,walk_intersection_density,walk_intersection_count,bike_prox_poi_mean,bike_prox_poi_median,bike_prox_poi_range,bike_prox_poi_std,bike_prox_poi_iqr,bike_slope_mean,bike_slope_median,bike_slope_range,bike_slope_std,bike_slope_iqr,bike_circuity,bike_street_len_mean,bike_street_len_median,bike_street_len_range,bike_street_len_std,bike_street_len_iqr,bike_street_density,bike_street_len_total,bike_link_node_ratio,bike_intersection_density,bike_intersection_count
0,kabul,371,CA,6254679.472,7.0,61.099977,Low income,3.507044818237205,5.2959148184809655,4.0,27,5.134499832583524,5.0,0.3138928275234757,0.0,8,0.8744158037211746,0.0,1.0468867352218183,100.6571435392054,67.40462019679735,3155.7753960029754,105.44291337035038,83.67618378081505,12992.368282107624,4820168.632661929,1.328526712860162,99.35309973045824,36860,17.146776406035666,17.0,38,8.706011902332696,13.0,0.0373948485314831,0.0184427132000071,0.9978111444401596,0.0607958117004654,0.0424462490637729,1.0465548842998806,100.93633642657775,68.48531800792207,3155.7753960029763,103.10059325391134,83.87212453035394,24404.011970694333,9053888.441127598,1.3221399176954731,75.53638814016172,28024
1,tirana,115,EU,995788.7711,8.0,23.655317,Upper Middle,3.509910959425779,31.23104775481112,33.0,58,14.868863302506506,23.0,5.851290092658589,4.0,29,5.744015024299774,10.0,1.0624865088622226,55.56109837968768,37.32814771484211,2228.5793480217108,59.31943445624968,42.38031899806286,16932.12394621334,1947194.2538145343,1.2109479686386315,259.7391304347826,29870,48.33933088680657,53.0,63,13.797687446826878,19.0,0.0440786034573805,0.0248201777010355,0.9975653572273706,0.0683735121880002,0.0579428557788193,1.0620448615211158,64.15026189544251,44.46810224808858,1345.806642432501,64.16600046781438,51.44635615716393,29882.86547599005,3436529.5297388555,1.1605444115865606,156.4695652173913,17994
2,algiers,468,NW,3316231.955,8.0,97.802984,Lower Middle,3.5712598138324685,19.267307050048505,19.0,43,10.919534474140027,18.0,1.5376198730895847,0.0,25,2.8013554510190866,2.0,1.0946037511766271,79.48908758502218,52.90715625777407,5018.30726210668,95.13742916054387,65.38074883845279,13153.235965110474,6155714.431671702,1.3443438985988962,128.89743589743588,60324,35.06311065142308,37.0,51,10.9386883057673,14.0,0.043583307035817,0.026602490748774,0.9852441569107944,0.0589104625506921,0.0570917301058727,1.0963562703738496,84.75092526650327,57.25313078527466,5018.30700336712,100.05164262284916,69.25384832513403,22815.745885313565,10677769.074326748,1.3342075614576214,90.58547008547008,42394
3,luanda,936,SA,11672133.85,6.0,277.573199,Lower Middle,3.544399986207668,4.711464383074553,1.0,41,7.092066468414415,7.0,0.0380392912172573,0.0,8,0.2843356781695996,0.0,1.045000470387987,83.00628922264116,62.62560280418966,5189.2783089458,75.4434294319861,66.21749984640857,16782.878443169226,15708774.222806394,1.4570715301647506,142.97863247863248,133828,14.39956408739224,11.0,47,12.389119329494005,19.0,0.0242993490628462,0.0171061456062681,0.9727013395231678,0.0314749758659915,0.0340065788878435,1.0399989584326048,82.66852074307667,62.848392749364365,5189.2783089458,73.14023402341412,66.0617780235351,32162.02901716948,30103659.160070628,1.4571090455611064,124.58333333333331,116610
4,buenos_aires,2186,LA,14179912.05,14.0,672.908097,Upper Middle,3.17068287019592,19.26738657184501,17.0,61,12.411071938861186,18.0,9.450242986732212,2.0,271,17.37711277691125,12.0,1.0234872762833616,89.89874722466324,85.96205462769903,4706.384543408759,65.55758095679411,68.86511731239702,16001.195635360018,34978613.658897,1.5797472338480332,117.7017383348582,257296,37.18529925874688,38.0,74,13.229162215924092,18.0,0.0241384456029789,0.0148027346105971,0.9937576606969948,0.0362746918779923,0.0240107203871584,1.0189637854663225,98.67342580361526,93.90459648526162,4706.383969473244,66.26055095041956,55.969893268835776,26406.787213929725,57725236.849650376,1.6367906450678158,89.27538883806038,195156
5,yerevan,194,NW,1027656.189,7.0,47.947505,Upper Middle,3.5656431026078206,28.46159761383232,28.0,60,15.594887696743028,22.0,6.2498485342778585,5.0,28,5.653172690399687,9.0,1.087662625640799,74.0528194386182,48.894943982929306,2119.7586966044955,83.21243509273135,66.96788203626988,16774.49046510349,3254251.150230077,1.2807475415948175,188.25257731958763,36521,44.090076817847,45.0,64,13.629157208881708,17.0,0.0428058917858065,0.0279329666337645,0.9761309357459113,0.0570607384505832,0.0495809252017699,1.0936319909390728,88.41700282694899,62.756685976634095,2119.7521518510134,90.87141528841607,74.74719110579174,28839.894442713943,5594939.521886505,1.2657406433056229,105.87113402061856,20539
6,sydney,1378,AN,4375394.497,14.0,317.219992,High income,3.436557788852506,19.27567705171637,17.0,54,11.741083001221186,17.0,6.198037219078205,6.0,45,5.170134422288161,7.0,1.078540635680457,80.66034929899627,51.85596122789825,2612.02574829818,90.43666285773593,80.37370760493161,15159.22878189699,20889417.261454053,1.2804028694329672,166.3788098693759,229270,37.91182376742095,38.0,63,10.930966007117409,12.0,0.0431976520649116,0.0245248697602712,0.9998169324664304,0.0663532181489021,0.0563748063444474,1.068013844370576,90.87882785117044,63.395920491100775,2741.811271913208,96.21706858885342,84.72025427458708,23320.37776400339,32135480.55879668,1.3044987262101004,94.24310595065312,129867
7,vienna,325,EU,2056564.784,15.0,77.679108,High income,3.523059583617873,32.830212015427286,33.0,64,14.048357528782631,20.0,8.927020440424178,8.0,68,7.138968128992099,9.0,1.0563727783868448,54.82384816874352,34.69450611823575,1655.241514623058,62.55083290587518,48.19107872244534,22376.56449102716,7272383.459583827,1.3412445752007085,364.7507692307692,118544,51.78606774399708,51.0,83,15.805233794990786,19.0,0.0384707921537711,0.0198762938766151,0.9823558690010844,0.0620548585326789,0.0505295837216473,1.050920024815079,77.28494289085808,54.10098557996297,1655.241562497121,82.59381851501806,72.65367309327797,27167.44092481871,8829418.300566081,1.3503697617091208,133.0953846153846,43256
8,baku,340,NW,1973053.91,5.0,96.501811,Upper Middle,3.5568257197320454,19.756724002589067,19.0,49,10.786143734652718,17.0,1.5340228333769437,0.0,22,2.7614825672668566,2.0,1.068196878406092,71.77815592109341,51.14528081383647,4080.1211755503496,77.41797279676723,58.27196878118298,17576.992599512698,5976177.483834317,1.229821106413452,206.9205882352941,70353,34.924281079719044,35.0,57,10.98749424658574,15.0,0.0345434222565001,0.0230955638655659,0.97618681931745,0.0441982108010374,0.0473771942685578,1.0660733825798716,74.93670748866077,53.96117207168189,4080.1211755503496,77.45249393559794,58.92173390544109,31329.71498852397,10652103.096098153,1.2187785442061168,126.8,43112
9,nassau,110,LA,261235.2051,3.0,18.273204,High income,3.493470822969498,11.906970025279884,11.0,31,7.362983056741674,11.0,0.2036836403033586,0.0,5,0.5723628983617446,0.0,1.093245860992169,79.87800441243601,57.69470658440113,2052.274186051271,82.79235328666111,67.59391663723031,11877.13309245276,1306484.6401698035,1.2499819429396894,118.86363636363636,13075,29.244119795471143,28.0,46,9.130520790635124,15.0,0.0224814089658291,0.0124280744681307,0.7365511586834392,0.0355151518680072,0.0303360073488878,1.0800922843867051,80.02270453049601,58.73671282217689,2052.274186051271,81.95574802376956,68.50503879119228,22367.800874537825,2460458.096199161,1.245653761869978,88.47272727272727,9732
10,manama,273,NW,1361833.134,4.0,58.587916,High income,3.4592419135559607,13.747520964193477,12.0,38,8.92234679439506,13.0,0.254121098109237,0.0,5,0.6302449116531199,0.0,1.0688264829185896,57.93231340168944,42.0514545890928,1898.508455623472,63.864030006819526,41.822245923865495,17272.31764475132,4715342.71701711,1.4096865733507635,220.7069597069597,60253,27.58447738426847,27.0,49,10.14920653141854,15.0,0.0245397838410758,0.0134275283214714,0.923270665108912,0.0403849531421641,0.0346864044350664,1.0658109395603703,58.86292822931097,43.75762488608149,1677.120089799935,60.52029052453498,42.34533630689784,29388.98793567682,8023193.706439773,1.385379360657912,186.0879120879121,50802
11,dhaka,6611,CA,37307159.73,3.0,391.210924,Lower Middle,3.4527948275045954,10.049393658595545,4.0,46,12.14163912507659,18.0,0.42592965633939,0.0,18,1.296774186079179,0.0,1.093586218159062,188.0106659093709,96.93033765692346,9549.054958038549,283.8196846035167,163.17123686113166,3424.234191420922,22637612.23948372,1.2535252407235808,14.695810013613674,97154,21.28389274137294,15.0,62,19.764322252114138,39.0,0.0186146294477047,0.0097109522941352,0.9488917394021172,0.030307473710099,0.0246882106024703,1.094430728373361,191.48435959986347,98.90615975575926,9549.054958038549,287.6624209687944,166.6826173581419,6613.118441252704,43719326.01512162,1.2529338147798612,10.669187717440629,70534
12,bridgetown,82,LA,152912.0999,3.0,17.201544,High income,3.5326568376510576,15.448577356253704,14.0,40,9.3690326303079,13.0,0.9091582691167752,0.0,8,1.4117129015438603,1.0,1.0992854987013083,70.32492297219144,52.503772155052,1504.5098981961228,66.20707555050117,56.58674836687473,13478.371822328789,1105226.4894309607,1.2420717249555424,156.3658536585366,12822,32.56017336119496,32.0,45,9.373673691334142,16.0,0.0314972963425927,0.0203614109235763,0.9055898475241626,0.0451280241222051,0.0430332539250581,1.0865648976534417,71.32972539397018,53.90908607782299,1569.047032236762,63.30065757497612,57.23428748659456,24828.833560001105,2035964.3519200904,1.2184041482857364,110.17073170731707,9034
13,minsk,245,EU,2093511.951,26.0,53.75673,Upper Middle,3.570101026846002,33.218263608286435,34.0,59,9.373317318423563,11.0,6.746066140117436,6.0,56,4.931386210050839,6.0,1.0718300594008523,45.19379257767726,28.75587458043601,2943.8436825140097,50.45801264605071,36.4497863603426,32296.22203384617,7912574.398292311,1.396138774613328,606.0775510204081,148489,48.66183669260742,52.0,65,12.048658842047807,11.0,0.033233860965072,0.0170936864513164,0.9841156338446854,0.054057833785894,0.0456961228268289,1.08371906055375,58.5610144241713,38.9714153858074,2943.84366522457,61.58118528159974,52.38079713970686,49194.83748453395,12052735.183710815,1.3384563619984151,282.41632653061225,69192
14,brussels,235,EU,1468753.608,15.0,57.332702,High income,3.5770852736220817,36.95117528194677,38.0,66,13.054108573639027,18.0,11.423567814027392,10.0,56,8.878773047257171,13.0,1.0597492522436422,58.651212670801165,36.30716108508905,1727.2658679447188,66.60395120646677,56.297916242145874,21130.659237333533,4965704.92077338,1.3104868655118218,353.7574468085106,83133,52.82939643942684,54.0,81,16.875273206466936,17.0,0.0383740855912334,0.0208038181262594,0.994808746386022,0.0631775292606302,0.0508313702256089,1.060837771074039,71.78345704091346,48.25811096513343,1766.030273253403,77.22981199626875,69.86082144595504,27625.634346056057,6492024.071323173,1.341684759009987,155.8468085106383,36624
15,belize_city,27,LA,76330.51281,2.0,3.944688,Upper Middle,3.3286854954177865,21.85307908721476,21.0,38,10.214623183483257,19.0,1.4051266020631448,1.0,10,1.7510730799870993,2.0,1.06468361502652,77.9129869659288,60.02697337777092,1075.918657109701,65.87040032728312,60.59027124906413,10691.393211435785,288667.6167087662,1.328852766489528,108.5925925925926,2932,39.98687089715536,44.0,44,6.952048099386568,7.0,0.021551437639611,0.0130060224661905,0.7630730699654295,0.0352315221306131,0.0289833354980872,1.0598631802881169,77.76520417176972,60.62037291104928,1075.9186571097014,62.64005889685705,58.63589708630258,17960.881970931703,484943.813215156,1.361779722830051,80.74074074074075,2180
16,porto-novo,149,SA,815039.8996,3.0,36.878535,Lower Middle,3.5033498250576263,8.061622561808921,7.0,26,5.964751674889023,8.0,0.0314324760839855,0.0,3,0.2198519881682833,0.0,1.0290953620998304,91.34774305877052,69.63308207355844,1399.6894877013997,71.46864167703917,70.9453493983112,13440.992743761644,2002707.918820485,1.4008572493477451,106.56375838926176,15878,23.75421445133797,27.0,37,8.835045714679792,15.0,0.0224317887522483,0.0160282673285152,0.8521792481824583,0.0291215988238217,0.031500673144789,1.0278965068361332,91.9532243270795,70.41345384714121,1399.6894877014,71.14965773588877,71.65699201715192,26970.06583585254,4018539.809542028,1.4282759917277683,91.63758389261746,13654
17,sucre,34,LA,292077.9239,12.0,7.678441999999999,Lower Middle,3.565018503509497,17.185893098782138,16.0,47,13.48129752148236,20.0,0.5683355886332883,0.0,7,0.9966446093601958,1.0,1.067780141758825,78.89345648790926,64.87315947762275,1075.5754692297587,64.49235829145424,62.124704190862886,19428.673858037186,660574.9111732643,1.5194519621109608,169.94117647058823,5778,40.66986078466823,46.0,50,12.703887125968494,11.0,0.0802924187355357,0.0566937478759,0.964007588053841,0.0873420208230655,0.0908666972057854,1.0700781083048374,82.67225523510595,67.43908223971472,1453.6454430432912,69.08305335364444,60.48740928884331,33494.421054811304,1138810.3158635844,1.5138311336105588,143.7058823529412,4886
18,sarajevo,61,EU,235739.1356,15.0,13.422257,Upper Middle,3.5640333156142576,29.28147022246788,33.0,50,14.379932459218608,22.0,4.381718944313942,2.0,32,5.27883556622482,7.0,1.0913486820944251,70.31111553476568,48.923470094418,944.1495860466796,70.19155295685425,62.64303438881458,17684.97451885098,1078783.4456499098,1.258877988116623,212.1803278688525,12943,43.75067352436933,46.0,53,10.950703918702247,8.0,0.0563202127482663,0.0314813291568896,0.9904160794503868,0.0759087719443617,0.0766387742496468,1.095069333865898,74.54289776271918,53.49134651318411,944.1470483284356,72.02138122332897,63.93997677294891,31629.406931023943,1929393.8227924604,1.2179769777124665,137.70491803278688,8400
19,gaborone,122,SA,298992.6473,6.0,34.497202,Upper Middle,3.547474284859573,7.744531864673485,7.0,26,5.801119665690112,8.0,0.3609756097560975,0.0,6,0.8382967587547453,0.0,1.094737593625518,100.23806259551256,72.80623326307727,4584.850282857361,106.0540024901694,80.26588151514053,14189.437221512311,1731111.3410245022,1.4074744295830055,102.79508196721312,12541,23.138084813103056,24.0,36,8.187397299812917,13.0,0.0170756689818408,0.0115249016249355,0.6764129153359922,0.0246872272043537,0.0233401020892326,1.0905621969298436,100.83999085202838,74.74471070448496,1599.9489468592406,96.81032317472403,80.33427131929696,25786.108152546964,3145905.1946107293,1.399902700072975,86.0,10492
20,brasilia,283,LA,1799120.619,3.0,64.61218699999999,Upper Middle,3.402793271918616,17.282473743097412,17.0,43,8.958405584421502,13.0,1.137420146533367,0.0,27,2.01793196178463,2.0,1.0838559320856629,72.3369675853377,48.43229704644816,6196.783697576827,82.65193355413975,59.88633062368634,18155.3008256232,5137950.133651366,1.3989605514851842,187.2544169611308,52993,34.249005503225675,36.0,50,8.901763593133012,9.0,0.0349889608385428,0.0220554903116158,0.9941357105035816,0.0503839279074439,0.0473579942566295,1.0719483959454577,76.5488649431109,51.16741876100106,6196.783697576827,86.29093709704529,61.053058250513885,29245.45327791219,8276463.27764915,1.3898427355359977,145.67491166077738,41226
21,bandar_seri_begawan,37,EA,77223.5136,1.0,5.640304,High income,3.512523528096151,12.55031503150315,12.0,36,8.986305081548641,14.0,0.938973897389739,0.0,10,1.7117328033714068,1.0,1.1728040504565374,76.27806762312258,53.577573591741896,2173.761370921611,82.78782001128268,66.07201083283195,13818.699656156505,511291.8872777906,1.294149414941494,145.72972972972974,5392,33.50009954210631,41.0,49,14.65610668830758,19.0,0.0377204498071732,0.0228016843461394,0.7629245310467692,0.0536472745196991,0.0520477689304913,1.1446019266948673,76.02173335515894,54.73105272560747,1276.1500887904135,76.17947359475079,65.05747234755854,21025.145876306524,777930.3974233414,1.2848895082619949,102.16216216216216,3780
22,sofia,201,EU,1068056.502,25.0,41.20008,Upper Middle,3.564207937813378,34.74095298884387,36.0,62,13.397986188356036,16.0,5.477313093189765,5.0,82,5.176584176866151,6.0,1.065164585271145,56.5640254892153,39.58126609004087,1410.6719099031732,56.13981994700821,50.2783947977844,21165.0764032034,4254180.357043883,1.3364738857745462,299.1194029850746,60123,51.706384892086334,52.0,70,11.670208489465365,16.0,0.0337497483433233,0.0205329509990424,0.8973844497925155,0.0480922794423829,0.045503258004395,1.072804310600115,75.14044624291336,56.72356684764199,2582.843901099289,71.21725577256417,65.2181099498534,32608.3368379632,6554275.704430603,1.3073041566746604,149.4228855721393,30034
23,ouagadougou,495,SA,3616268.287,6.0,137.626681,Low income,3.5154037314781164,6.804833213773314,4.0,42,7.506308439026136,6.0,1.118476506456241,0.0,29,2.7321788363926665,0.0,1.030999745366442,72.97787171696216,57.47926900065925,1721.8902823892238,59.13226867750062,52.24857793636256,19263.65182253217,9535507.652153429,1.5323484576757531,179.07272727272726,88641,22.210951060616303,19.0,56,13.506391047548462,17.0,0.021153078720538,0.0155255394260736,0.9661738039167984,0.0293569894276455,0.0303918920101917,1.0306548187353268,72.64544706239147,57.46701894230223,1721.8902823892238,57.98894286785065,51.7506052956496,37661.45437584854,18642419.916045025,1.532539843556277,168.24646464646466,83282
24,gitega,26,SA,176122.5345,3.0,4.377419,Low income,3.56182069677794,5.441198501872659,4.0,16,5.314888569966336,9.0,0.1535580524344569,0.0,3,0.580275408750622,0.0,1.0668307114744504,125.47826487450703,90.61891282071988,1239.0479949771668,113.97247945964934,101.6778109998807,8561.478534129827,222598.4418873755,1.3722846441947565,50.96153846153846,1325,16.764252696456087,18.0,16,3.2473601137079573,3.0,0.0581220967101263,0.0437358985981567,0.835339812830874,0.0618209487792966,0.0614680968708791,1.064217709047117,128.1219762897922,92.57522036787827,1239.047994977168,114.94732794451632,105.58475937270045,16912.10087025257,439714.6226265668,1.3713405238828968,40.65384615384615,1057
25,phnom_penh,354,EA,2419130.754,3.0,72.07824099999999,Lower Middle,3.2823210336401694,11.843220250630749,9.0,50,10.446862355232478,12.0,0.7188431785483433,0.0,19,1.8198023033474675,0.0,1.0607110519866518,78.70854115279926,55.78755930069512,2932.639726434768,78.66499824252423,64.16811977845562,13251.494499171851,4691029.052706836,1.2969202860776914,130.1723163841808,46081,27.699312678881068,25.0,62,15.091595888957253,22.0,0.0236443018981298,0.0148679111279661,0.8817246531060788,0.035623939099145,0.0323580511630094,1.054959480951015,79.27168765838913,56.560620556017525,2932.64124964059,78.48457428856925,64.64362751856328,24518.240343833404,8679457.081717025,1.2829715670503687,97.74858757062148,34603
26,yaounde,313,SA,5479203.927,3.0,79.23590999999999,Lower Middle,3.581895588459253,12.036608863198458,9.0,42,10.465653023630882,17.0,0.1191254083940688,0.0,10,0.5886258906884931,0.0,1.0708073773233973,90.17537625825015,69.04873302364246,1658.0328396879595,73.91724995441108,68.94763934902578,12294.677897191135,3848234.181820825,1.2283655859931306,113.0479233226837,35384,30.644687049086603,31.0,56,13.64819092930828,17.0,0.0666638653834614,0.0497266236883893,0.8757600264981152,0.0686875152600735,0.0739739406099326,1.0679380014150364,89.6900897138052,69.09138366175318,1658.0328396879595,72.67721113219612,68.68239041438945,24670.79221725167,7721957.963999772,1.2400424709373554,81.8849840255591,25630
27,ottawa,208,,604618.1703,26.0,39.650541,High income,3.388714719790616,26.288664128895185,26.0,54,10.12426547733382,13.0,10.818375973796034,9.0,61,8.401928351179047,10.0,1.0795337549996216,55.01215609918005,35.25990597478587,2286.061376980072,62.24274250967815,48.385208441875136,22398.67542251663,4658924.487883459,1.387869599858357,371.5817307692308,77289,45.24118652589241,45.0,64,11.250388027491748,13.0,0.0287384831710764,0.0146404098078053,0.9539888233193048,0.0472624105246358,0.0396977147883219,1.0986649675172886,63.744856334677735,41.98878407733602,2174.0410639736706,72.98378212819536,56.51166663026781,34213.825775016456,7116475.761203422,1.3250075414781295,184.90384615384616,38460
28,bangui,122,SA,1270413.659,3.0,32.071466,Low income,3.502867440409585,4.009597208084921,2.0,25,5.507636991455108,4.0,0.0120692162280063,0.0,1,0.1091950101774253,0.0,1.0468689416871295,121.2735028117793,90.1238661211622,1499.2999676195616,105.517613498686,98.0882646159166,9150.18519165925,1116322.5933824284,1.3689108622946051,55.30327868852459,6747,11.702463768115942,8.0,30,9.370197576652204,14.0,0.0280345541269108,0.0186766560033207,0.6253212359283309,0.0379585202707342,0.0310530535899227,1.0446559616748663,121.53461668220416,90.37371361100816,1499.2999676195616,105.39286161006932,97.83366894542743,18199.310755468752,2220315.912167188,1.37,45.75409836065574,5582
29,n_djamena,222,SA,1910082.319,6.0,63.27299,Low income,3.338689188766081,7.579915209326974,3.0,38,8.722644384534616,11.0,0.0673555908850026,0.0,3,0.2911329625909848,0.0,1.0235611037407406,108.06129395637164,82.85411228760978,1549.208732615324,75.61653271049158,73.12154179378922,14039.6932503767,3116811.901583628,1.5740328563857977,84.63963963963964,18790,20.81744,18.0,48,13.65526437604682,22.0,0.0175278516220789,0.0125542602696783,0.9805060224085088,0.0253118793989586,0.0244555115112321,1.022747653862944,108.61331305479924,83.13595008836089,1549.208732615324,74.96531025646611,72.71550120846966,26860.75726727292,5963088.113334588,1.57136,78.28378378378379,17379
30,santiago,801,LA,6633766.609,8.0,222.766877,High income,3.429245848195356,23.642439735056296,23.0,56,10.835375054213918,13.0,7.068109811907302,7.0,43,4.917773235497869,7.0,1.0389885218126682,65.35342350454745,46.382011453599176,2723.5029835490905,68.15005899711055,54.82789229603782,17378.136187175503,13919887.08592758,1.3885822912322698,212.21847690387017,169987,43.67375986755769,44.0,66,10.76964909136225,10.0,0.025700800913312,0.0151727107194911,0.9898100218064866,0.0425008603561128,0.0325429224758309,1.0342071105404818,68.33066409330529,48.76735563214617,2726.5137202027863,70.23645504872042,53.7154257993393,28093.286678990506,22502722.62987139,1.39428506053448,149.97877652933832,120133
31,beijing,2179,EA,18150575.83,7.0,556.610117,Upper Middle,3.251845874604072,11.751460527744598,10.0,42,8.884404686548715,14.0,7.10309479856662,4.0,57,8.283317451793879,12.0,1.0737580220748375,131.65760455393522,75.6329888919447,5059.114506917059,170.1553190551945,139.54032401864697,10581.73072893269,23057591.258344334,1.426662323089731,60.40523175768701,131623,25.18113013075726,25.0,52,13.698023305166656,24.0,0.026093083312804,0.0117275676699404,0.9924413966064674,0.0461315654700382,0.0311130995572541,1.074246207546634,151.00512686501628,95.38732886885089,5059.113713574507,179.77016435590613,153.44663137572903,15419.22428744344,33598489.72233926,1.4590650956932965,38.33042680128499,83522
32,bogota,534,LA,10419360.65,15.0,151.98184,Upper Middle,3.5503933969638988,27.368170519812733,28.0,59,11.587789600037524,15.0,3.2147123413292147,2.0,38,4.494652561785863,5.0,1.0524774362031233,59.48388359973252,43.89742696919492,2733.3888126681445,59.5077844420536,47.91702098757146,21263.483312176293,11354700.08870214,1.4177023504995414,277.67041198501875,148276,46.72999064829072,48.0,73,12.752321737154594,14.0,0.0437239116343064,0.0215842467424803,0.9972197635148564,0.0687106348384479,0.0542768921713473,1.054349015325594,69.72651212586455,50.94935444541643,3253.012073715569,73.9783052548453,55.86764802306927,30592.44190822669,16336363.978993054,1.381181338144583,156.6067415730337,83628
33,moroni,36,SA,175832.4714,2.0,4.867432,Lower Middle,3.4951377626049296,14.217287866772402,11.0,31,9.57794780519315,18.0,0.2775574940523394,0.0,3,0.6512690454894604,0.0,1.079919054047943,118.2534761796436,84.1392442894469,1414.7729431155678,122.70826849423209,96.99418037941707,4877.955892410299,175606.41212677077,1.2513877874702617,34.388888888888886,1238,28.08968985750209,33.0,37,8.43591308992257,8.0,0.0450333400654581,0.0279173539862725,0.4960025955356859,0.0559653830484698,0.0531207980691818,1.079337763651449,126.21178519361084,92.3200448801116,1414.7729431155683,126.82300850910843,101.75264297033544,8996.095577966818,323859.44080680545,1.242246437552389,23.75,855
34,kinshasa,487,SA,12945682.99,3.0,165.315057,Low income,3.551550678081961,8.950955763695953,6.0,42,8.404231698528562,13.0,0.1873263571179024,0.0,10,0.7148310758604407,0.0,1.0356173378466251,93.99300407572288,64.00721963806681,2348.6137445506147,86.48487429352897,72.35879194673633,16274.492997275369,7925678.089673105,1.4456570563476352,122.57084188911703,59692,22.410933018390416,22.0,55,14.750936757895497,26.0,0.0419314539277195,0.0250263088165753,0.9304369381822484,0.0554602741897833,0.0465395893608577,1.034623224762386,94.6895315757752,64.54304372163976,2348.6115766958737,86.62168221778037,72.66298974634856,32058.53112062708,15612504.655745387,1.4469546144761265,101.11088295687884,49241
35,brazzaville,180,SA,3190742.929,3.0,52.977319,Lower Middle,3.5204174361354594,6.782103404377644,3.0,31,7.67509354524375,12.0,0.172272185947189,0.0,7,0.6477856311870346,0.0,1.0245063064784932,85.98452178289104,58.630179762840434,4282.343111922921,76.95600011146324,70.09564333085865,17044.520676307417,3068013.721735335,1.5025255636318835,134.57777777777778,24224,19.81514504067713,19.0,45,13.422686608868643,23.0,0.0434629444836372,0.0258843405333815,0.9324818646234556,0.0544620716670942,0.0490222021265675,1.0234346808103147,85.86931712247532,59.02858463039695,4164.917294304489,70.6723367769846,70.20096368961245,33454.685950916384,6021843.471164949,1.5018489604733338,113.6,20448
36,san_jose,491,LA,2272571.519,2.0,109.575763,Upper Middle,3.5389677296428315,22.59985931497213,22.0,55,11.71701567091958,16.0,2.4427790703966235,0.0,57,4.484997580902605,3.0,1.088417368694073,81.32486049221498,59.26993013386649,2640.5060241202304,83.15274309248409,62.70630096206503,11023.245296004854,5412413.440338383,1.263964792669949,108.58452138492872,53315,43.08077711646794,44.0,62,11.557756990441783,17.0,0.0450565098174896,0.0306220960410007,0.9815233877181102,0.055161484894328,0.0519376155689712,1.0780600571506234,87.22520553609674,63.358338071639565,2640.506024120231,89.3979172954182,65.7076860217873,19550.7037573606,9599395.544864057,1.2469295539144456,72.45621181262729,35576
37,yamoussoukro,33,SA,227858.5613,3.0,7.528239999999999,Lower Middle,3.002730700717603,13.1593438781488,10.0,34,10.139526282949063,17.0,0.658465143526655,0.0,9,1.5414380147433318,0.0,1.034658731276172,140.86660532995506,117.35550592273606,898.611450033311,110.42061896294916,126.34522019086631,10441.203534456668,344559.71663707006,1.4452255418863502,50.84848484848485,1678,30.88299155609168,36.0,42,12.08163078353062,17.0,0.0344108860030341,0.023706956432391,0.9850424953385916,0.0648287824751902,0.0341896795850323,1.0318809513553715,144.77218674119894,123.58705778997992,898.6114500333113,110.57791550007866,129.31323805490285,20662.93938033476,681876.999551047,1.4499396863691194,40.75757575757576,1345
38,zagreb,151,EU,643961.8886,14.0,30.247516,High income,3.488178337601204,34.56340067032695,37.0,60,13.28986760516185,16.0,4.539874020266305,4.0,65,5.146062096488408,4.0,1.0620368235133324,54.47710183157493,35.27458446344422,1709.1952007656876,62.058268318864606,45.70104228842308,22390.449628286115,3380957.893871203,1.2665266891847833,371.9205298013245,56160,48.90231976016532,52.0,68,13.425638045839415,17.0,0.0343769733233508,0.0185146605266545,0.9820080066937112,0.0556833367968674,0.0455777745568307,1.0700757729247463,68.98383840517575,46.38854496382114,1709.1940863831558,76.64241811227218,59.44987772960513,31925.81178323773,4820797.579268897,1.2123875774951247,158.841059602649,23985
39,havana,321,LA,1632771.662,3.0,56.147515,Upper Middle,3.564727495276502,25.181191572485,24.0,55,13.674746909215935,19.0,6.742151527835914,6.0,43,5.981002154821456,8.0,1.0575861226634278,82.56002005633844,67.3349315357149,4802.487832858427,76.31454061719322,66.75770255445484,12095.943125388152,3882797.743249597,1.432649644202595,105.0,33705,44.849504312658816,46.0,64,13.14103808095572,16.0,0.0298627445925566,0.0209266948828372,0.9589359732138404,0.0366682022468239,0.0338208943309902,1.052202906782892,92.7427639437376,76.49946887435402,1958.5234131265104,79.26578056606728,65.420224147217,20137.314343036032,6464077.904114567,1.4534554955083927,71.19937694704049,22855
40,prague,263,EU,1201277.711,26.0,53.089616,High income,3.511243891326291,32.73062277114017,33.0,65,12.049035268321502,14.0,4.939536195676264,4.0,40,4.32722445909812,5.0,1.0728272710342683,52.57111708682327,33.02665239720513,2317.9534613093247,61.340108969485385,45.942940842890586,26281.36084965185,6911997.903458437,1.3064426221801355,451.9505703422053,118863,50.09784907036092,50.0,79,14.73177040183094,14.0,0.0454220572351495,0.0265760664430786,0.9975810485768618,0.0673091161740412,0.0597060109136002,1.0685289773863498,72.86460602921859,49.98704849343864,2945.0965739075664,78.59844550827455,66.8073287067891,31709.40210593976,8339572.753862156,1.2767590229675538,152.7528517110266,40174
41,copenhagen,302,EU,1258201.641,15.0,61.415791,High income,3.5012030997273382,27.980892596792483,27.0,68,13.009779597831605,17.0,6.448558237485825,5.0,56,5.660528835277914,7.0,1.0660224389475867,51.59065216234943,35.437424577868484,1448.5910578630728,53.24800614768134,42.36873448763125,22917.86599831837,6921195.531492149,1.3412198282844645,366.1788079470199,110586,49.63339798747705,46.0,87,15.472839521553649,19.0,0.0228656813677836,0.0116129365175666,0.9092753275734948,0.0383511519229232,0.0324740009361039,1.0688208865559263,62.72482746381291,43.671716464665565,1489.2293317500569,63.440324829362666,53.053003888889286,34223.03972084385,10335357.995694844,1.2639841705827983,185.1291390728477,55909
42,djibouti,69,SA,735131.508,4.0,12.90894,Lower Middle,3.512065521494589,12.6534153970336,10.0,41,10.243205809198724,11.0,0.0671980627585511,0.0,2,0.2571245123524154,0.0,1.061424042422596,65.01182691524521,43.000588406916606,1453.2024125401656,73.34370963378859,45.01449636353775,13549.783809683207,934935.0828681414,1.516295025728988,142.84057971014494,9856,29.52876151484135,24.0,45,11.465298174613125,22.0,0.0410227038531537,0.0274833418900542,0.9978488408988844,0.0577055016599653,0.0559319930349623,1.0560181281303616,64.28647149022521,43.066546100956685,1405.45593769755,68.95090426778346,44.593225977430734,25460.23777410702,1756756.4064133842,1.5165813715455476,127.8840579710145,8824
43,santo_domingo,483,LA,4593163.695,2.0,117.567994,Upper Middle,3.4793877489143563,13.167786446579406,12.0,43,10.214420472526797,17.0,0.2591011670642852,0.0,12,0.939103574985996,0.0,1.0672028533880615,76.24646642569714,55.70937071164612,4227.210333282579,72.67099960531648,59.255277399260336,16199.45370215034,7824336.138138615,1.3720033528918691,157.73498964803312,76186,29.423856101884063,28.0,59,13.336734663272656,20.0,0.0323716516303387,0.0215265192785264,0.9766429557697937,0.0422252750253762,0.0444414871454958,1.0609918290299845,75.70186776894255,55.502777808426906,4227.210333282579,70.40418427712353,58.46870927459131,29916.657172116866,14449745.414132446,1.369920567189654,125.4575569358178,60596
44,dili,46,EA,381794.1787,3.0,8.869769,Lower Middle,3.4885658890121016,16.922671353251317,17.0,38,8.791765086957609,9.75,0.0424721734036321,0.0,1,0.2016637991559315,0.0,1.0936247839931252,101.24916875804,70.99760960360851,1954.721843941738,110.08065499950366,85.2500028491794,9015.578157237647,414716.5952329318,1.249560632688928,72.82608695652173,3350,33.10193587416818,34.0,44,8.964685836026748,14.0,0.0324771160392244,0.0181948038172615,0.8272537643250117,0.0532988736848585,0.0385600716840513,1.0923058177373943,102.01544630040648,71.9847493282183,2069.8620159242414,111.76027551382656,85.82352907270214,16781.540916416863,771950.8821551758,1.250453720508167,51.43478260869565,2366
45,quito,380,LA,2605678.13,9.0,93.966531,Upper Middle,3.537060953771568,26.805054808598097,29.0,53,14.154044473673968,22.0,3.364798321486683,2.0,22,4.062636355904769,5.0,1.093105299063934,79.49739307556231,57.78864836204248,6853.444575017525,87.78246339034095,61.82285214248696,17875.198036706177,6792575.253948347,1.3012438982615395,208.8657894736842,79369,42.623247552077984,44.0,64,13.179332830525098,18.0,0.0710194918932253,0.0421436678244741,0.99923569283118,0.097505092100024,0.0873272690258841,1.0659287043248762,81.21286664425969,59.74843390138238,6853.444155825993,87.26018488031026,60.06657433143105,29341.56756436068,11149795.674457056,1.2891410619650905,126.3157894736842,48000
46,cairo,1680,NW,25230324.96,4.0,377.782704,Lower Middle,3.506647905549387,4.898016945533701,2.0,41,6.302334178458803,7.0,0.0987725684408963,0.0,11,0.4717077406283016,0.0,1.0372512888937742,61.36483436877509,36.58831359865397,6232.741392426258,84.28725571622057,45.26390838520566,17642.38988102284,29639215.00011837,1.3826519187405937,222.18809523809523,373276,13.896702396989827,10.0,49,12.57423326004099,19.0,0.0411719912986765,0.0249944676895941,0.9990604942252944,0.0607668391722481,0.055870143255798,1.0352752148000266,63.91251682293159,37.66919677768048,3985.520862669126,87.34887448567041,47.39141917804723,30826.338374467046,51788248.46910464,1.373676081200353,169.03333333333333,283976
47,san_salvador,264,LA,1615741.491,3.0,58.949483,Upper Middle,3.503538595300598,15.87948520090393,16.0,41,10.725067014705362,18.0,1.160034172959268,0.0,20,2.483621493909165,1.0,1.078637417385431,77.52827405940161,53.36955419941484,3298.726863137144,88.4512633104676,67.6382221485348,12679.396821169408,3347360.760788724,1.2736868213636112,131.15151515151516,34624,31.85538535041357,32.0,53,13.472999389148644,22.0,0.0527953436644265,0.0348613693940185,0.9657271090515992,0.0671830228410596,0.0619125147814226,1.0738353619564276,79.35749303374946,55.233340893478186,3298.7268631371458,88.47535762643119,67.80103176150129,22016.594175268605,5812380.862270912,1.2697900803248827,90.3219696969697,23845
48,london,1649,EU,10408332.24,15.0,382.426452,High income,3.5720894985439893,28.19813435920043,27.0,63,12.736881784973797,19.0,8.396511523784595,6.0,94,8.505064346887991,8.0,1.0722903772242478,58.07562083746307,38.943804719263824,3760.847322121314,63.33093058214563,48.16170773174364,19250.641950648773,31744308.576619823,1.2583122098389563,287.8726500909642,474702,46.67715619814512,46.0,83,14.085650471922603,17.0,0.0289569150015373,0.0144652896842632,0.9997181168803376,0.0501392639130424,0.0389585354963783,1.0652429404117414,64.58129426899303,43.918843053630695,3526.3861707199617,71.01083539151728,54.110554498663646,29171.39803604399,48103635.36143654,1.1973913379040662,163.5979381443299,269773
49,malabo,71,SA,729478.227,2.0,11.702885,Upper Middle,3.4901884684067026,6.8632608695652175,5.0,23,5.675289517360335,7.0,0.0315217391304347,0.0,1,0.1747229781472019,0.0,1.0804748109166005,110.77791031178752,79.86888556448834,2317.6913684904293,123.56475689772168,92.83876511925428,9341.230268122135,663227.3490366718,1.3554347826086957,63.49295774647887,4508,20.65038203287798,23.0,30,7.489779667015663,13.0,0.0433663776235429,0.0296461286898511,0.9231694760557884,0.0572376531264818,0.0477771690251376,1.0807044078319092,114.56254631348284,86.47636454578098,2317.691368490429,116.87028572353584,91.77211891896393,16837.46719410132,1195460.1707811935,1.3609631859226672,48.11267605633803,3416
50,asmara,43,SA,251979.7984,7.0,10.122801,Low income,3.525349580699604,9.034745985785731,6.0,30,8.691268329630939,12.0,0.1116083179784153,0.0,2,0.3432798130600283,0.0,1.043006637541175,73.37822529944131,59.906913777846285,731.1190111132195,58.18451201128175,53.570780714194754,18853.08449088901,810682.6331082276,1.533824690708081,175.1627906976744,7532,27.592582746244847,32.0,35,8.997365219933522,11.0,0.0337500602774267,0.0232352590841941,0.6500645834023427,0.0440852865372776,0.0417446305080788,1.0419288360790733,73.59370759744053,60.24710803549385,731.1190111132195,56.870394510954654,53.248575738744265,35927.42116012725,1544879.1098854716,1.5362222517612654,160.13953488372093,6886
51,tallinn,121,EU,449860.9731,26.0,19.237233,High income,3.5686835546117366,30.091593287921583,31.0,60,11.768138567045048,12.0,8.89948496427978,8.0,92,8.354070554741075,8.0,1.06384979855241,46.85479377948038,31.595442764878204,1391.3367464115818,48.66693421926868,38.77984138470288,22849.26294665949,2764760.816545799,1.326748629340422,426.21487603305786,51572,50.01212302017791,52.0,62,11.06417989392602,16.0,0.0272568570846878,0.0101628032953559,0.977344017446961,0.0512715607641732,0.0356749275442324,1.066357832618613,58.17005550689066,39.60366995122567,1622.4761898922343,61.68390225657649,50.52281881343113,35835.63865780697,4336112.277594644,1.304512909524843,225.3884297520661,27272
52,manzini,34,SA,93405.68221,11.0,8.035808,Lower Middle,3.5677026531076725,6.684347006129184,4.0,25,7.079636259145813,9.0,0.0393682225365393,0.0,2,0.2162785339599421,0.0,1.0877805511964138,82.01554276396853,52.93117160648757,1185.662452014161,85.48824743595087,78.36506355576827,10893.59385653182,370382.1911220819,1.1379066478076378,113.44117647058825,3857,21.56810556922389,26.0,27,7.163661934001922,10.0,0.0539973559991062,0.0361676169292624,0.8759544299056435,0.0675855811836233,0.0765276688863458,1.0810407731098923,78.3091260504434,48.7296393923113,1185.67338468492,84.70858749265095,78.688768441406,20887.80776916092,710185.4641514712,1.123238649071796,78.82352941176471,2680
53,addis_ababa,465,SA,7280462.518,12.0,110.396125,Low income,3.5653631075649,10.753797559601043,9.0,37,8.547760470506619,13.0,2.416637177420412,0.0,67,4.576487668954646,3.0,1.049820800834638,77.38590915062423,57.98112895913954,2916.439303207584,73.12183845920325,57.07629883512594,17063.01049312764,7934299.879304352,1.4039240357016474,163.01075268817203,75800,26.76554509105884,26.0,52,12.285836415256112,19.0,0.0531397113827885,0.0365578886299446,0.9799114835260574,0.0618544206850218,0.0586338684327891,1.0494462825599529,76.41074386004011,57.85297764952321,2916.439303207584,69.14112078943025,55.67020488989591,31554.67937895037,14672925.911211925,1.4040993079263029,135.55268817204302,63032
54,suva,77,OC,242909.9953,1.0,22.561054,Upper Middle,3.571910286075158,10.693251533742332,9.0,35,8.604284818588308,12.0,2.214723926380368,0.0,19,3.2282634722839374,4.0,1.0819320006256683,115.04132050004596,85.36674830174132,1236.0994351486595,104.68288799557712,99.67081570218672,6437.831818632442,495713.0500346981,1.140081799591002,49.298701298701296,3796,25.33858681376412,26.0,42,11.705413105923032,22.0,0.0464126937764225,0.0318701375586164,0.9325420239896484,0.0574259690474608,0.0508279118355057,1.076988052753362,115.80003123546172,86.81624043839578,1236.0994351486595,102.9967722632987,100.24565367558932,12008.613628768337,924663.249415162,1.1342264250065668,30.83116883116883,2374
55,helsinki,381,EU,1001124.665,26.0,49.116045,High income,3.5731595008970864,26.68570012664501,26.0,59,11.99354206569003,15.0,8.184663105922949,7.0,95,7.65634214202257,7.0,1.049068327278434,40.73993695132627,28.17596318408895,1349.4885740301686,39.54312109184483,32.36731786395305,24736.30597033625,9424532.574698113,1.2832957069177542,608.2860892388452,231757,43.05247225666953,43.0,69,11.278733622091506,10.0,0.0466949034872788,0.0261798220194394,0.9970519672031386,0.0715878991951027,0.0638973155682745,1.0521820548677838,47.67069687682339,33.675723883644736,1349.4880696891316,45.13872372492118,39.57231765524078,38945.83326891093,14838362.475455064,1.2305383319024452,286.86876640419945,109297
56,paris,1421,EU,9328384.716,15.0,358.748204,High income,3.58133609532093,35.67726359355787,35.0,76,15.386902540081511,20.0,12.736226494316648,10.0,127,11.400684776530904,14.0,1.061296722895388,59.98320483403084,39.19422727599792,2690.955046047741,66.82971314310042,54.9376762543679,21447.731487228524,30477226.44335173,1.3301954197988466,319.6277269528501,454191,50.712381940840686,51.0,89,12.79094053547906,10.0,0.0326853490567706,0.0162602337635812,0.999855181259116,0.0549710423217426,0.0431308545516024,1.0611005545434282,72.73185226876564,50.15129139824534,3172.1602955200574,77.89711233556254,67.17535194502531,29678.43449336937,42173055.41507787,1.3476699532952776,161.5207600281492,229521
57,libreville,196,SA,917056.3782,2.0,51.791458,Upper Middle,3.575652730992608,9.551473049882826,8.0,32,8.050161537275125,12.0,0.1917475728155339,0.0,7,0.6411632009932953,0.0,1.08651482102544,116.73203807554113,82.49479314844214,2248.3018732415867,120.23732519778154,102.09933634526608,8159.926804454026,1599345.653672989,1.201121526615333,59.44897959183673,11652,22.455874718809483,20.0,46,11.566868106848457,18.0,0.0335171263714869,0.02239893425643,0.7050618974797093,0.0431226717813919,0.0383412132424615,1.0849272132871637,118.96621805979017,85.91763411788097,2248.3018732415867,118.02141372432722,101.91054026162712,14963.643744020445,2932874.1738280067,1.195362519467036,39.224489795918366,7688
58,serrekunda,181,SA,1313464.797,3.0,42.486979,Low income,3.419121184234239,4.861023492302622,3.0,30,5.341233610925281,6.0,0.0423708864931029,0.0,3,0.2515304318091286,0.0,1.0261320835187724,87.74078068950001,73.86041647976911,2086.803162001304,67.24977455676525,58.23074014498073,14762.74991777919,2672057.7351180334,1.4767195518101783,116.62983425414365,21110,17.53736620795107,18.0,39,10.519497287677943,19.0,0.0224768090373384,0.0160323587883322,0.8106487083297949,0.0287605601511355,0.0308728952479707,1.0244562932285723,87.697960417459,74.20913517811314,2086.8031620013044,64.4442840791021,57.87419917026658,28896.235697993576,5230218.661336837,1.4810301987767585,102.49171270718232,18551
59,tbilisi,151,NW,988277.7269,7.0,35.481083,Upper Middle,3.561348620225945,30.581255448997386,31.0,57,13.443948574081851,19.0,5.620348735832607,5.0,33,4.6353082828989365,7.0,1.0893458259815247,58.377873506991,39.94807749350422,2391.6143299699684,63.22953966064084,49.76278350896087,23065.832378636405,3482940.689174097,1.2967741935483872,327.2317880794702,49412,48.98155844155844,47.0,73,12.70728894676023,16.0,0.0511264398385382,0.0314066497075845,0.9852566610294506,0.0721367853332894,0.0668870812632534,1.0930535876680203,68.39754545557024,49.802572909848095,2191.0256132907853,66.47209680422964,56.02065909598928,38155.865158910034,5761535.638995415,1.2576623376623377,184.87417218543047,27916
60,berlin,681,EU,3549996.965,15.0,149.406188,High income,3.571966631599006,33.80666812946929,34.0,62,12.605989185731955,17.0,8.34424246515998,7.0,88,7.3616614063231935,9.0,1.041768553809759,51.60944959841692,33.272764053416715,1884.8076939434927,55.03910962718172,45.33734297720754,24407.63198959493,16621597.384914149,1.2952216989889784,410.496328928047,279548,50.94411078244904,48.0,79,13.148580530203697,17.0,0.0315488967141897,0.0116623385438148,0.999230138280603,0.0572715452491225,0.0405286345315714,1.0513712435018543,64.65086131255975,42.21703691116099,2550.799595005264,71.4403280719425,60.17448500475207,27437.502761419724,18684939.38052684,1.1866093874685757,157.08516886930985,106975
61,accra,1121,SA,5890466.043,3.0,338.40001,Lower Middle,3.5425966371956,8.176668813371474,6.0,36,7.747392549109746,11.0,1.3378738636193444,0.0,44,3.1153668419458653,1.0,1.053160359540814,93.27794388596446,73.31727777870258,5701.075407188473,82.01306971389343,70.83181345288196,14145.546104076782,15857157.182670074,1.3107804520061703,117.99197145405888,132269,22.63784626273426,21.0,51,12.46328718941462,21.0,0.0286505892792306,0.020526425701067,0.9605584470706482,0.0350021755685467,0.0332839755086042,1.0514526307448404,93.3551038371049,73.61275061757024,5701.075407188472,79.44122109085825,70.36973745550597,27515.85472668168,30845273.14861016,1.3099893834095069,91.92863514719,103052
62,athens,412,EU,3166757.394,8.0,115.204997,High income,3.542136558067702,31.530288735327368,32.0,66,12.464259643137094,16.0,13.16478397973668,12.0,64,9.405297253846934,13.0,1.0337613920921886,61.11837360217218,49.34851557617815,2219.6429749760773,51.606855822697305,47.89534180246488,23658.29937001947,9747219.340448022,1.5182531385198597,269.9514563106796,111220,51.066528761570446,52.0,75,11.302167352595175,12.0,0.0552614957296647,0.0362886069282857,0.9979042890770858,0.0702406027713,0.0622182432997797,1.035437305541732,66.04279415874679,52.89816957702286,2219.641756257939,56.30745304479501,48.56947669637131,33495.07779961392,13799972.053440936,1.5363567980944024,207.9271844660194,85666
63,guatemala_city,470,LA,2900618.853,12.0,102.045322,Upper Middle,3.511206494259346,14.406247855387951,13.0,44,11.361275319397809,19.0,0.8218976899954705,0.0,19,1.7573117276347698,1.0,1.0940596216728815,69.02505769028959,48.25834195738124,2283.91744078198,77.23761720082305,55.90896014605392,12666.09808616814,5953066.100499026,1.2897182151337552,145.59148936170212,68428,26.84644507463976,26.0,57,14.61540635989727,20.0,0.0547093601964931,0.0312634761304045,0.9970271806037512,0.0773243020763497,0.0711499646584406,1.088765896300704,70.85619955140756,49.232300148439634,2509.7628089328323,79.95711787811526,56.74673827269207,21660.74020286529,10180547.895346686,1.2823786834036306,107.80851063829788,50670
64,coyah,305,SA,2991110.752,2.0,83.439892,Lower Middle,3.5615628432860085,9.730204778156995,9.0,36,6.996684414122908,10.0,0.2811262798634812,0.0,15,1.124886992166567,0.0,1.0378082376995217,97.54841149643435,75.38237089050656,1914.883104783021,79.60171978569558,71.1739036454711,12313.488008566304,3755613.8426127215,1.3493515358361774,94.83934426229509,28926,24.547990995292995,28.0,44,10.254726883185224,16.0,0.0370509781259835,0.0266572890433496,0.9263491589280638,0.0419781158893833,0.0408486594897132,1.037694551734055,96.80607003171536,75.19670744349116,1914.883104783021,76.98803366636923,70.49599891899541,23948.23474109176,7304211.596032986,1.3477044818882598,74.77377049180328,22806
65,bissau,83,SA,674444.3312,3.0,18.498227,Low income,3.566338042798265,5.281681434164434,1.0,30,8.443091290381034,5.0,0.0245209148980012,0.0,2,0.1624571849171497,0.0,1.0568797136085997,108.43757863999852,80.9282945992627,1462.8975659217265,92.5699166327976,87.5270577431696,8400.646152472174,697253.6306551904,1.369874304553884,57.97590361445784,4812,17.133843212237093,17.0,31,11.04035588165926,23.0,0.0290613493924626,0.021029889777814,0.933603641934408,0.0361070613451077,0.0312802089347584,1.0542755896981442,111.09265647037232,84.16426586885132,1462.8975659217267,92.91878260211332,88.54966182899454,16168.666146531295,1341999.2901620977,1.3598895262375186,44.963855421686745,3732
66,georgetown,41,LA,130680.0749,1.0,7.511206,High income,2.72481450680971,18.66735805029816,17.0,39,9.395885280092765,13.0,0.7184340160746694,0.0,17,2.232541481773527,0.0,1.0480757482770833,95.51768325484596,73.19131803387248,2977.3483795724987,96.68876083929752,74.52820354436238,11778.961135036612,482937.40653650113,1.3816437645838735,91.63414634146342,3757,36.57958287596048,40.0,44,7.900380032369635,8.0,0.0146239974530306,0.0085318299169612,0.3786236403934608,0.0228253715173143,0.0195975539982674,1.0508079417678582,97.53847135047664,73.76489032092181,1433.0621759641233,94.68256908665238,76.88793323274805,20873.232869002,855802.547629082,1.3754116355653128,70.58536585365853,2894
67,port-au-prince,275,LA,1733377.8,3.0,70.35341,Lower Middle,3.551960591929614,13.153967204141674,12.0,41,8.88094340586386,13.0,0.1716879147946267,0.0,9,0.7198296998934713,0.0,1.0654995885928684,78.06309303548026,58.23669141484539,1226.1265402208212,69.8109608214367,66.54387389133109,14589.850155434831,4012208.792744579,1.243528633657947,153.38181818181818,42180,30.96435464562312,33.0,50,10.455671990541266,13.0,0.0488066067617914,0.0262510577493196,0.9954596397937212,0.07279397674297,0.057154165981384,1.0645065978824104,81.16746809572666,61.24801005849352,1622.7324562657166,71.43030543828164,68.02844473440788,28045.869039723795,7712613.985924044,1.2316581564095672,104.93454545454546,28857
68,tegucigalpa,163,LA,1653508.639,3.0,37.859476,Lower Middle,3.5713207348671268,13.742171453280962,13.0,40,9.02828134430152,14.0,0.3605275485568087,0.0,16,1.1127222316904477,0.0,1.0914854677655228,70.5188489399377,49.95932284662427,2288.6233838310523,70.87444329177117,57.07134196994716,15020.94745518182,2448414.4351946367,1.3188353572844222,163.46012269938652,26644,30.02346523508529,30.0,52,13.448637281957154,20.0,0.0802531377069573,0.053880990939721,0.9740529582062892,0.0928168576718253,0.0934865667270399,1.0914267749971942,77.17461050040278,54.71405981565865,2288.6247312500946,76.56672566862663,62.135107037218106,24831.28602640567,4047499.622304124,1.2963460039830288,105.159509202454,17141
69,budapest,368,EU,1743875.314,25.0,87.705427,High income,3.5269067456614027,31.40144182980549,33.0,73,13.666393469276892,17.0,6.758289475060948,5.0,57,6.495689335531938,7.0,1.043249648820836,65.37162634514213,41.57802020319035,1515.6330958260255,70.42543102786523,63.326831249735605,18342.070398481806,6749881.906641305,1.3675619683383382,228.6358695652174,84138,50.53415811933817,49.0,90,15.332124965331392,14.0,0.0343448576693095,0.0174695893676658,0.9859649596065764,0.0559844515852177,0.0441650122509571,1.0446011995569235,85.44563556261926,62.69872527530416,1625.974503864274,85.32124524274529,79.15648932390974,28608.03466758239,10527756.75767032,1.3839746949165233,117.78260869565216,43344
70,reykjavik,97,EU,206894.8836,16.0,12.197195,High income,3.5534689100277137,23.656472245041662,23.0,47,9.71460381247668,13.0,8.986949888510738,8.0,39,6.541989252572736,9.0,1.067368659528329,49.56436451824555,35.90331673030869,1613.282647422075,52.16785579309643,41.15051374734148,20480.8129754672,1986638.858620318,1.3082267339514142,346.16494845360825,33578,42.80432835286109,43.0,58,10.213799685089258,15.0,0.0,0.0,0.0,0.0,0.0,1.0688825074162436,59.52802161955731,41.54525622415623,1458.7520362344808,66.02344392061647,50.59737106083524,34540.36743106746,3350415.640813544,1.3136264287505823,223.5360824742268,21683
71,tehran,825,CA,9363123.748,7.0,238.873636,Lower Middle,3.4990494886340247,22.83989597390606,24.0,49,9.520765432048544,13.0,2.07822718555873,1.0,17,2.37826979627994,3.0,1.0552358111340097,72.45228593840626,44.77675789628286,4523.841690195481,97.21932113629548,56.43541561611086,19058.376218954298,15723160.380637296,1.2880659560402337,206.2969696969697,170195,38.04350248151524,41.0,59,11.23185174571035,13.0,0.0324273984129157,0.0209828335923418,0.994792905753792,0.0450843277286053,0.0455012132059939,1.05329889001955,74.11514850325203,46.56407566774969,7751.456228102101,98.16859090817464,59.03447720039355,27787.70065955745,22924853.044134896,1.2557796515750026,133.6969696969697,110300
72,baghdad,688,NW,6891721.864,4.0,191.265751,Upper Middle,3.5375175008664304,15.267917667170623,15.0,43,9.033944857493765,14.0,0.0487060148815699,0.0,5,0.2745280430590681,0.0,1.0381660688557712,85.75710117329062,58.19359770175039,2964.2266085203505,86.26053343152431,66.41192769337427,17571.605101017372,12089264.309499951,1.4392237077441477,145.06976744186048,99808,31.44838504081088,33.0,53,11.218312483386988,13.0,0.0252310744835881,0.0174156539842407,0.9716250611989126,0.0350635074698362,0.0346822351214192,1.0364866562003443,86.67413626970342,59.20559809516028,2964.2266085203514,85.26579104792181,66.69688743431095,32176.513291635107,22137441.14464496,1.4430498159912828,125.04941860465117,86034
73,dublin,301,EU,1124519.535,15.0,65.208958,High income,3.568874027300683,23.9028386602545,23.0,55,11.15282682857096,13.0,6.569247137932502,5.0,144,9.268215365476424,7.0,1.109732911562621,60.18898990626563,39.63651774684679,3156.2665108603023,68.3599595950037,53.10508327928943,21031.55279525349,6330497.3913713,1.271132484998085,314.2857142857143,94600,43.261958218109136,42.0,62,12.174260208944355,16.0,0.0262324523831998,0.0117788849472505,0.9968219439888726,0.0477965580353982,0.0347312754623272,1.0832212390574252,64.84042272632595,44.81225303118643,3156.2662723743897,73.05473661760723,57.26141642926267,29137.261056354982,8770315.57796285,1.1604468417161788,157.64451827242524,47451
74,jerusalem,79,NW,1022929.273,8.0,15.180791,High income,3.5789784856157927,19.39248716752217,18.0,47,12.48705496841161,20.0,8.243957069528697,8.0,31,5.823362735022947,8.0,1.1037236602531353,66.7391442659676,40.54280402505144,2341.1879100128986,95.89223065262148,53.07398572392002,20522.70926143229,1621294.031653151,1.3591693887074194,245.26582278481013,19376,34.140665746280106,35.0,52,14.592243838034785,25.0,0.0607089284129814,0.0390951075680521,0.9429672806781978,0.0793050615340769,0.076220730062894,1.1249306167556106,89.40592436370055,52.18721706877288,2341.1877553729705,123.77285433324955,75.77601016296964,29351.1727642098,2318742.648372574,1.2971314618806566,123.9367088607595,9791
75,rome,467,EU,2476089.431,8.0,90.524515,High income,3.579732014586399,30.02412021202445,31.0,61,15.151504582628617,25.0,8.537874244217146,7.0,75,7.468340788325085,9.0,1.0973743324340184,67.13189778396129,43.06361859599689,2705.330069605206,82.85620388970568,61.85641954957367,16070.1113172737,7504741.985166817,1.302831855538085,212.1456102783726,99072,44.43021991562894,46.0,74,16.799294098750657,23.0,0.0449104093091012,0.0263131039165186,0.9906417276405194,0.0671238534837653,0.0591621499484371,1.0931558915663464,79.74491202829437,53.35071150748469,2705.328156481084,94.60438326523315,70.60870489845412,23149.760125832632,10810937.97876384,1.3368173844971805,116.57815845824412,54442
76,kingston,118,LA,593374.8263,3.0,30.436688,Upper Middle,3.551126600460019,14.068167749922624,14.0,33,8.288780364430448,12.0,1.3280718043949242,0.0,22,2.5695671421168,2.0,1.093516986279395,93.73629618262608,68.05286861653826,2922.483270949617,94.46894429822966,76.37162663308322,12945.141377898935,1527526.6825920746,1.312209842154132,106.88983050847456,12613,31.32196630585172,33.0,46,10.040903977697951,15.0,0.032514647590132,0.0215216859830142,0.7288800810196842,0.0433958889532267,0.0374160274791896,1.086497455597217,96.94788664280183,71.02286441147804,2922.4832709496186,96.00334643350956,78.13328922940832,23548.47734708464,2778720.3269559867,1.294945877756979,77.48305084745763,9143
77,amman,520,NW,6425245.979,7.0,132.266107,Lower Middle,3.561933799015588,8.298566273555558,6.0,39,7.731310878752654,11.0,0.1373722849755976,0.0,8,0.593776441450374,0.0,1.0543999913560649,88.50486198600554,67.36399420250069,4301.514436265019,85.30598344798717,71.82792785971802,16374.080274041684,8514521.742501676,1.417149414481052,137.11346153846154,71299,20.924372047470907,20.0,47,11.947545100680182,21.0,0.0595496938284226,0.0423368493896877,0.9992661711910634,0.0666809995194569,0.0671693554158523,1.0557220246164891,91.9113677099314,70.73269690039618,15173.557258931254,101.94264117000222,70.5910476720981,28916.73030258611,15036699.75734478,1.417761262818297,115.40384615384616,60010
78,astana,163,CA,1128139.722,7.0,36.325769,Upper Middle,3.487039371127405,18.86436177972283,19.0,39,9.585696884824262,16.0,1.7215171407731582,1.0,16,1.9608188431440767,3.0,1.093933391936959,75.39350738895916,50.76823204255301,2788.3179997936927,81.87257933594114,75.64300640442279,19188.341435772825,3127699.6540309708,1.4142669584245076,197.8466257668712,32249,34.11159012524959,37.0,50,12.1036595727755,19.0,0.022939348795932,0.0136646663140819,0.8582520386325947,0.033891105964084,0.0309969412209385,1.1035291438856196,89.92167556634146,67.38687739089515,2146.30866280668,86.44295994793583,79.29314595045511,28723.07950943028,4681861.960037135,1.372753675803231,109.9079754601227,17915
79,nairobi,598,SA,6646256.557,15.0,123.50449,Lower Middle,3.570806238831505,11.115659301155157,9.0,43,9.091495737082925,13.0,0.4074438000287591,0.0,40,1.812418139115092,0.0,1.075911339686917,84.73096490150034,59.41498431057103,4733.790640528439,96.2283871332156,66.69513297416597,13853.371070818548,8284315.900349492,1.2277716531658918,137.1789297658863,82033,26.300624128946254,25.0,54,13.241138283812674,19.0,0.0385402662978388,0.0247151003373902,0.995176728484712,0.0520930808435869,0.0483406828412903,1.069275562064027,83.56092614433155,59.27999615638255,4733.790640528439,90.50277768691323,66.1525878066232,26006.5915875456,15551941.769352265,1.2243713264254985,95.65886287625418,57204
80,pristina,48,EU,218970.5803,14.0,9.333958,Upper Middle,3.568987343432404,27.82437521396782,29.0,56,16.256580628255126,29.0,2.793307086614173,2.0,13,2.9218661851549315,4.0,1.0682512421372363,69.01789182212723,46.27895608319927,857.239824363604,70.06108585521618,59.03819745334728,17950.403364738257,861619.3615074363,1.249229715850736,224.0833333333333,10756,49.97881586094514,54.0,61,11.410625564977869,16.0,0.0426893940046162,0.0258452633874984,0.9427106250637044,0.0599565670683004,0.058921717576683,1.067272689790838,77.52033153875921,52.57877914819885,897.7765021797205,75.11688183647362,67.38667076430397,31361.81912814928,1505367.318151165,1.1980445410103204,127.97916666666669,6143
81,kuwait_city,490,NW,3703486.237,4.0,123.238141,High income,3.453268701478031,9.65711779506475,9.0,29,6.598590475854902,10.0,0.1237736894346852,0.0,7,0.4772550036670372,0.0,1.1269306037798958,75.31345549851508,53.53586727508327,2338.796776935988,81.74845989687611,65.90159506960694,18344.6670492128,8988886.85411427,1.4648553819163916,172.8265306122449,84685,21.49114089039143,22.0,40,8.960430932216287,13.0,0.0387244797167365,0.0202043911776937,0.9731151834431748,0.0619647410213845,0.0484546956822305,1.151421482979927,81.39951186152845,59.11192940236871,5016.995056462139,86.30933265930253,71.352822496818,27744.10995001169,13594613.875505729,1.464000108617436,139.55102040816325,68380
82,bishkek,198,CA,1428079.244,7.0,66.154996,Lower Middle,3.058712190939909,22.8641447253094,22.0,52,14.161095975660505,25.0,1.860077831925113,1.0,12,2.200121514424161,3.0,1.0480470876657384,94.35708856867616,63.43690029340327,1975.8994047971653,101.08809942392344,86.34895621890851,16740.758405702145,3314670.164329025,1.3495424744942677,132.21212121212122,26178,39.9296202768425,40.0,65,14.91893401517393,22.0,0.0211876644502081,0.0151187252612041,0.9607114548282308,0.0269457414000493,0.0298085189284902,1.0480288073012054,110.26627306281291,76.34171137835392,1975.8994047971653,107.9879351550192,90.97538418127306,29711.74848710705,5882926.200447195,1.3207538346427234,80.22727272727273,15885
83,vientiane,76,EA,166270.5857,3.0,19.646501,Lower Middle,3.490785430024247,17.996292372881356,16.0,44,11.097554081530046,17.0,0.8518714689265536,0.0,38,2.88460138839328,0.0,1.0677364954171074,81.13418220115558,63.084555073447646,817.3085798965703,67.85293635018277,63.59591411725973,13852.594055818354,1052797.148242195,1.195709745762712,146.39473684210526,11126,39.12254105757084,44.0,59,14.660858359717352,25.0,0.0232317954337909,0.0162269845929413,0.8299834009610954,0.0334285146789632,0.0324825368713068,1.06221955367471,81.93587179199149,64.04924836405478,817.3085798965703,67.80387002852001,64.00142446564077,26179.589141117493,1989648.774724929,1.19373759249233,96.72368421052632,7351
84,riga,147,EU,516896.7559,26.0,27.230159,High income,3.5755797342707503,29.50038235461964,30.0,59,10.606164947225755,10.0,4.45767277292701,4.0,49,4.517723383239003,4.0,1.0637666532680057,44.256804140647,28.55204660559017,1596.764569808419,47.231525666835566,35.3450082297454,24987.33140447033,3673137.7164571374,1.3417907892484164,522.4489795918367,76800,46.91324031295707,47.0,67,13.495043273463432,17.0,0.0247005095956799,0.0111282432635369,0.9268799512967416,0.0425941265621965,0.0345169416978244,1.0793955082297424,57.00510798764118,39.379181787508166,2420.5324145375407,59.46279670284056,48.13931982390968,34459.39388360397,5065530.900889783,1.2422631346783368,205.7823129251701,30250
85,beirut,199,NW,1538385.522,8.0,41.221876,Lower Middle,3.555752973811132,19.697021369226864,19.0,47,11.637130525133443,18.0,0.9769255886514532,0.0,22,2.244734268641436,1.0,1.0944398421212207,81.42686541017075,57.009986641079465,2695.709934980462,88.56223635453036,68.25694273384948,13745.591405647569,2735372.689723866,1.3201755977215832,135.60804020100502,26986,36.941655204034845,36.0,58,14.379960928549444,23.0,0.0686563161324053,0.0449778889047974,0.9973648705450986,0.0861561486368098,0.0804751779386891,1.1006907683049267,86.35059664217836,60.76741958743024,2695.709934980462,92.48249698079717,71.3970337057406,23518.604713598328,4680202.338006067,1.3170563961485555,101.33668341708542,20166
86,maseru,110,SA,296516.0661,12.0,30.479752,Lower Middle,3.5807712265034786,8.254151436031332,7.0,36,6.471911775859462,9.0,0.1064229765013054,0.0,6,0.4852449503312217,0.0,1.0537771270330778,76.5048757805419,60.04089239116114,3548.9917758458646,69.0234996375634,59.75078710232154,17164.21663079994,1888063.829387993,1.348093994778068,166.6090909090909,18327,24.744709786215527,24.0,42,8.845605281610666,9.0,0.0434936409557856,0.0292696187517699,0.9093996399049392,0.0554672810088767,0.0481957580095923,1.0526117766580343,78.02117954559007,61.31341030648534,3548.991775845868,69.6438211089302,61.27690793046914,33100.8400639418,3641092.4070335976,1.3381384975248871,134.79090909090908,14827
87,monrovia,302,SA,2049817.566,2.0,66.280616,Low income,3.556230961782745,2.6641445336627547,2.0,24,3.690711001728289,2.0,0.0113238624665431,0.0,2,0.1195155167023135,0.0,1.066274482527899,97.71679572510494,79.57924873519448,1345.9168404275968,82.68863152387152,75.77107204552851,7323.582630602732,2211721.954442025,1.2090796788140827,63.102649006622514,19057,9.215917804017788,8.0,31,6.56684440524631,7.0,0.0271050371739271,0.017760345128248,0.9716153545064904,0.0384056606730585,0.0330803691656616,1.064220464007121,97.0347647113025,79.22638217419541,1345.9168404275968,82.0547390905811,75.5225020856697,14420.58700333764,4355017.275007968,1.207687982415785,43.115894039735096,13021
88,tripoli,465,NW,1248354.011,6.0,119.799921,Upper Middle,3.4575905657673194,13.222782485420629,12.0,37,8.824516441396613,15.0,0.3932886554757225,0.0,10,1.0930073844549428,0.0,1.0729258010186289,85.98847103833552,63.95088490380594,4001.015274643079,82.9905188773069,69.86941630989739,14634.683006395426,6805127.597973873,1.3230660179785418,132.66236559139784,61688,27.29299671897981,28.0,46,9.30352884332451,14.0,0.0261451437857267,0.017633449384338,0.9980610797836108,0.0358388572617327,0.0350821308279558,1.0686586634498447,85.17703640791626,64.23001756974246,3005.139205027162,76.3407526539633,68.83568331543856,27277.35058626244,12683968.022612035,1.321782418257342,103.28602150537634,48028
89,vilnius,89,EU,339420.3462,26.0,17.563325,High income,3.541012683546405,29.91172082082609,31.0,55,10.295353112701012,11.0,3.679902399634877,3.0,36,3.396372385341478,4.0,1.060485835606041,43.4363483687296,30.07117704336686,2327.7967837942338,45.92238489703408,32.785792790777734,31123.851777198022,2770022.808170624,1.3643863991433638,568.5168539325842,50598,46.714960025961,48.0,66,15.69915103373275,20.0,0.0379128897960517,0.0225075083127982,0.9511023007856338,0.0561722071459778,0.052635061623934,1.0785987576345015,55.877325937211104,38.89523378987393,2327.79580605846,59.862674846770005,46.20580725818034,44301.929776487945,3942871.750107427,1.1961825530282917,252.0,22428
90,luxembourg,40,EU,161302.506,15.0,8.844863,High income,3.543424358727283,32.44327008786451,31.0,56,12.277994034233206,19.0,12.13504393225519,10.0,46,8.84508269195726,13.0,1.0815995963260516,58.49172689989367,38.02509893090959,919.672728604524,63.037175873696825,53.2698542481117,22272.18731030701,890887.4924122805,1.311345982427098,324.1,12964,49.003546532958296,53.0,63,13.768189064027036,19.0,0.042914039799638,0.0222886594196304,0.991798274341589,0.0728001885554825,0.053718345907499,1.0699307196711465,73.34723029169993,50.267404814462566,1012.1521468151046,76.5674663098515,66.15754441266178,30831.508253116062,1233260.3301246427,1.2915494680200563,157.9,6316
91,antananarivo,442,SA,4255253.768,12.0,61.558014,Low income,3.574218531532184,11.754557231424076,7.0,47,11.98998094689511,18.0,3.518599056167299,0.0,36,5.923403087352395,5.0,1.0990830482064702,126.4078515141581,83.62486411885405,3479.111603178092,152.34911434383716,114.74190543431304,7609.066283678032,3363207.2973856903,1.2978162302211529,46.76018099547511,20668,24.29735971864994,25.0,58,16.31539579347817,29.0,0.0568363360982172,0.0388983652959443,0.9990016151727656,0.0663142444915394,0.0666163276442321,1.0997312720413497,134.23896699291677,90.42771418886238,3240.8047605235647,156.80196891930092,120.55343644315953,13818.413482377196,6107738.75921072,1.2832922156317257,32.10633484162896,14191
92,lilongwe,136,SA,1018797.715,11.0,35.158678,Low income,3.557635570715355,2.618353344768439,1.0,26,4.096983450485686,3.0,0.0967805779126533,0.0,5,0.4373255701663139,0.0,1.0571158383966324,98.40434742848794,74.8196351664386,996.409511698731,83.23181911423195,79.51848139661459,14228.834501332469,1935121.492181216,1.3430531732418525,108.88235294117646,14808,10.831962319225156,8.0,31,7.902330018818708,8.0,0.0281980517145237,0.0218280270760732,0.9302150999837434,0.032699607853934,0.0329692676713737,1.055196928459245,98.53592827562989,74.96148335611667,996.4095116987312,83.02424432605565,79.39305553723487,28169.683024680067,3831076.891356489,1.3436380522754412,90.08088235294116,12251
93,kuala_lumpur,1340,EA,8413205.796,1.0,307.707645,Upper Middle,3.4681233336846984,13.857586019422996,12.0,50,10.19869134679714,13.0,2.6489078562570403,1.0,58,4.314588644834409,4.0,1.1423983412681966,73.44738403880984,50.91524209619857,4328.983559672345,84.48938460296428,60.557749038187424,19011.03318623654,25474784.46955696,1.3464407165116783,197.8932835820896,265177,28.02060378764937,28.0,64,11.809121365175187,15.0,0.0500139380336195,0.0285993718686165,0.9982729103886904,0.0765789223534087,0.0632508571503385,1.118703666714004,73.237899148782,52.84966647749898,4328.98368068394,80.18255946939696,59.83922247710999,31421.46356136669,42104761.17223137,1.344207878124345,153.91567164179105,206247
94,male,13,CA,229283.1943,2.0,0.192276,Upper Middle,3.2326692480926047,33.045627376425855,40.0,45,14.44268236983894,11.0,5.776615969581749,6.0,16,3.726957692729442,5.0,1.0413958339373002,59.11974938540069,49.49723634006811,1530.9534474995526,78.20352003658768,36.33183790842117,6421.314317860443,83477.08613218577,1.443916349809886,78.76923076923077,1024,39.230684326710815,45.0,46,13.283576598866972,0.0,0.0252302009007786,0.0154817855756657,0.7355378603093674,0.039370815836445,0.0342655213450948,1.0396899427246884,64.42070048763036,52.14510642048143,1896.943132741757,96.45771886974184,35.426950804686584,9454.976656184515,122914.69653039872,1.5143487858719646,64.23076923076923,835
95,bamako,407,SA,3960562.859,3.0,117.67825,Low income,3.367029989725385,12.16624741712335,9.0,43,9.82290340184571,16.0,4.22977869613392,1.0,109,6.950821916552169,6.0,1.0243248557145788,76.7095977305834,60.92287505903244,1926.1146016854527,58.54676989219175,48.784094242071326,18128.343852870843,7378235.948118433,1.4853711855778158,162.69287469287468,66216,30.12226427513576,30.0,54,14.140772972549389,25.0,0.0317542664035223,0.0208128528071691,0.9540754254615502,0.0417505003507045,0.0355048128129001,1.023675099932532,76.35044763550555,60.80558768303148,1926.1146016854536,57.09697864833738,48.40665202111248,35414.78932891625,14413819.256868916,1.4838811016201177,144.16216216216216,58674
96,valletta,100,EU,366065.5113,8.0,19.004508,High income,3.5725178621315425,23.47122861586314,25.0,42,9.574908227720506,14.0,7.405360900192115,6.0,45,6.528621081499725,8.0,1.084973082113349,63.98260729913705,47.5298297580107,1289.6234310438792,60.41460695686142,53.926055049854725,16630.999115264694,1663099.9115264693,1.3295215442320008,203.37,20337,40.839228295819936,42.0,61,9.659021554802752,11.0,0.040591486897974,0.0257898582300851,0.9434969934761048,0.0581461972446427,0.054541409436691,1.0775790404423709,68.65722822565512,51.91334682400117,1289.6234310438792,62.81886334844219,57.27839978865144,26617.034238521977,2661703.423852198,1.3292920773812662,149.5,14950
97,nouakchott,178,SA,1625383.896,4.0,51.477538,Lower Middle,3.456689905427165,13.38671065940947,13.0,35,6.112707586684698,8.0,0.2494822022060594,0.0,7,0.731738878767392,0.0,1.0176604246559655,60.84952663483081,47.396101050921686,2270.844502766272,46.81439110048394,36.98793629919646,21814.89714986008,3883051.692675093,1.5772602475795965,232.90449438202248,41457,28.766297810921337,29.0,48,9.320351816326909,12.0,0.0301138128910009,0.0209616209503683,0.8493560463483993,0.0421841411750875,0.0401095409170276,1.017487238562393,60.65749506146389,47.345071252007,1194.1612711172634,44.64240446834015,36.83682919767086,43263.78796636703,7700954.258013332,1.5767861438537407,226.96067415730337,40399
98,port_louis,136,SA,557430.5551,2.0,30.925827,Upper Middle,3.545548174608667,16.654545454545456,16.0,46,10.352605714661577,15.0,0.8737154150197628,0.0,9,1.4640827741641775,1.0,1.0709343884217286,91.93374048047208,69.06986551100657,2082.4547747012707,86.83689553605082,75.66494575844646,13276.98968218347,1805670.596776952,1.3366930171277998,109.79411764705884,14932,36.76833411043762,39.0,47,9.436004697030594,12.0,0.0331983893550045,0.0233583216654618,0.8953898220832731,0.0418048110322803,0.0372409587201538,1.0642074360457652,91.73399405667618,69.70657306708083,2082.4547747012707,84.11541825925775,75.20038840933054,24275.108177247934,3301414.712105719,1.3345100912542462,85.58088235294117,11639
99,mexico_city,2134,LA,17639163.99,12.0,633.0622989999999,Upper Middle,3.466837255241688,13.276660546045724,11.0,52,10.397639834889397,15.0,0.5126706103816215,0.0,57,1.7483413953013518,0.0,1.0543901590778937,73.3464133546178,51.30097068560973,4347.122245940688,77.08218226818461,60.42353123498934,18958.39807342408,40457221.488686986,1.367535578999949,191.5571696344892,408783,30.08941096974923,29.0,64,12.506555402347496,17.0,0.0468093600219013,0.0245725528305947,0.9981820572307112,0.0698999819111019,0.0593439754665607,1.0486963212109528,76.51326733285212,53.183423644601305,9087.596373181548,80.31104377658663,61.77436232072501,32501.8607235994,69358970.78416112,1.356300016640697,143.5538894095595,306344
100,chisinau,101,EU,450580.9625,25.0,23.535976,Upper Middle,3.5453832096305047,32.45414364640884,35.0,52,11.059218329190164,12.0,4.6838774485183325,4.0,23,4.164325089203204,8.0,1.0788393767331637,57.77197883572519,37.64694362459538,1118.9742268406164,61.24029936003974,52.26905615767346,22877.703618947176,2310648.065513665,1.296132596685083,350.9306930693069,35444,48.5925877763329,50.0,59,9.484574962753465,10.0,0.0450807499433606,0.0291603706748928,0.996796236704063,0.0608919161797062,0.061921898645886,1.0907751299396726,71.81110407906672,52.06920729307707,1118.9742268406164,67.86235054161585,61.94375845955894,36807.81234721986,3717589.047069205,1.266449934980494,166.4158415841584,16808
101,ulaanbaatar,235,EA,1634096.557,7.0,59.966556,Lower Middle,3.444404321166896,15.473002223869534,11.0,50,13.081169495127792,21.0,1.0842698295033355,0.0,9,1.5460560324850583,2.0,1.0899708662550658,90.6508174580225,59.38155678103454,1734.8735009151364,96.33563506052144,81.11714963352182,15244.767259323611,3582520.305941049,1.261882876204596,137.7872340425532,32380,31.835656474820144,30.0,56,16.153585880119923,28.0,0.0433813865725459,0.0265509491199261,0.9647874430881326,0.0558012496131213,0.0565830600374766,1.0848456843350536,92.84272739531252,61.10832990798188,1734.874183269957,97.17588273568842,80.98529702576931,28685.242161665767,6741031.907991455,1.258832219938335,96.02127659574468,22565
102,podgorica,31,EU,152731.3553,14.0,6.372008,Upper Middle,3.4901869902402898,26.20685365301968,28.0,45,11.571951014867931,19.0,4.003732187287944,4.0,14,3.1762819285443347,4.0,1.0670891314215252,65.85536699335864,47.59677201802143,1138.0235174868994,62.20947235190767,60.76929865531504,19784.22686481126,613311.032809149,1.2863605519113324,256.4193548387097,7949,46.139086910359474,49.0,52,8.590322362908186,7.0,0.028208301745014,0.015798450890577,0.7869811585798018,0.0457730740773534,0.036187663480057,1.0670994086428518,72.63190287067539,54.14022371344279,1138.0218925471108,66.20374388262223,61.44326955766388,33530.16651555598,1039435.1619822356,1.250872137115122,148.3548387096774,4599
103,rabat,203,NW,2094220.784,8.0,26.06431,Lower Middle,3.2719841797567395,16.502280256421287,15.0,43,9.046145637731078,11.0,3.186292647248634,3.0,17,2.9653620892156125,5.0,1.0581683051134012,58.359687452316805,39.266828208505714,2840.876268229507,70.65505947873945,44.76927889057279,17194.54633755206,3490492.906523068,1.4514262358559566,219.2512315270936,44508,32.567802289114645,32.0,53,9.347488394489307,11.0,0.0337045868913405,0.0220597029638763,0.9748400140986656,0.0488096742493555,0.0451215765213481,1.0513225907898265,60.95664678329472,42.51633824299301,3165.20954386522,71.67260695598166,45.579698254264734,27980.001710676854,5679940.347267401,1.4685179724984587,164.13300492610838,33319
104,maputo,570,SA,3533370.361,3.0,156.139726,Low income,3.5019745713539763,4.86025868256456,2.0,42,7.287642993917691,6.0,2.420996352663728,0.0,93,5.091402821372488,3.0,1.0340094829641502,87.7013482979999,70.10783540013323,3213.935260026252,73.3129542766919,64.8030890799765,14885.842184447183,8484930.045134895,1.477508092985103,119.22456140350876,67958,14.188168860148458,10.0,51,12.10936638458306,16.0,0.0219640440367264,0.0148843245123012,0.7585875257081498,0.0296614714632252,0.0303423834598917,1.0320456324500913,88.74349547121312,70.96536413650338,2657.728658864027,70.7723105904791,64.48983993527114,28666.017321317024,16339629.873150704,1.4817311049379904,103.50175438596492,58996
105,pyinmana_nay_pyi_taw,89,EA,556726.2982,3.0,8.160433,Lower Middle,3.4245490143604145,6.848251523901187,5.0,24,5.953332116443421,8.0,0.1814244465832531,0.0,10,0.8358936239808633,0.0,1.0596946234226583,109.60373174929413,79.03418982689308,1393.8617329065946,103.42365112148346,84.68322718853452,10722.693172371954,954319.692341104,1.4162656400384983,69.42696629213484,6179,18.9600063481987,21.0,29,7.713052536563971,12.0,0.0236797636773956,0.0164891758096966,0.9831277599356538,0.0336740819406625,0.0285610553218828,1.0582728078066976,108.39829593968516,78.01193517996853,1393.8617329065946,101.76585791110982,83.80591199810057,20733.305525632142,1845264.1917812603,1.4132677352801142,57.97752808988764,5160
106,windhoek,96,SA,417841.6386,6.0,25.359662,Upper Middle,3.560947273858582,14.324105879975752,13.0,43,10.120731432157797,12.0,2.007577288341079,2.0,15,2.492551678868486,3.0,1.1292206840012946,99.69010598395803,69.78562222964459,1783.8552922273952,98.61742569626358,83.01192305482417,13229.707814954432,1270051.9502356255,1.3446150737522733,100.84375,9681,34.04416471090249,33.0,50,11.580018711063916,19.0,0.0466079362063865,0.0318861667212794,0.7208503747212701,0.0569802374894104,0.0524232420371204,1.1143641509273918,102.1257302995355,72.44794014175861,1783.8552922273952,99.0382091786902,84.35172962084594,23728.275149282705,2277914.4143311395,1.345423511841263,77.21875,7413
107,kathmandu,350,CA,3862696.52,11.0,71.04757599999999,Lower Middle,3.559282148309509,22.63360107846992,23.0,57,13.474965529296856,23.0,0.8611095508247674,0.0,13,1.5162726506131283,1.0,1.104648080994389,79.75395817787835,56.91419257377804,3010.870685428848,83.07689981354943,65.17253483230337,14379.638659471466,5032873.530815013,1.2412889213428449,146.46285714285713,51262,46.074032474186176,48.0,71,15.421182083784805,23.0,0.0532305948122908,0.0323665990710476,0.9905979283376914,0.0710210540286496,0.0599916577538848,1.101587928488046,81.53159355149148,58.54554021736933,3010.8706854288484,84.26190588943209,66.60876650293937,27738.21286326813,9708374.502143849,1.2360487112792622,103.34,36169
108,amsterdam,308,EU,1223406.697,15.0,66.08942499999999,High income,3.5567368906107864,26.33577728104044,26.0,61,12.469464227165432,18.0,6.291331030278399,5.0,66,6.318456210235602,8.0,1.0588973765910583,50.913369443218514,33.62416545133299,3020.744928478916,60.87835990251389,40.56056515945026,21099.78966182059,6498735.215840741,1.382239382239382,350.89935064935065,108077,46.537263663343225,48.0,77,16.37450353026589,21.0,0.02634526013548,0.0119362085178016,0.9784155170678642,0.0476510685879856,0.0345478420029448,1.0737414826367249,66.6111178300982,46.091877826972,7602.360197360114,79.54657082295942,55.50068385569685,26551.234821049755,8177780.324883325,1.311247457401047,149.94155844155844,46182
109,wellington,64,AN,154120.3008,15.0,13.995892,High income,3.509372249587458,26.54659857742112,26.0,53,13.927918037402854,23.0,6.714329138549456,6.0,35,5.661884987776781,6.0,1.1205950164655645,59.67461294613367,40.44574780092133,1642.240798672017,68.43830151435496,47.87326085222925,14297.664295562714,915050.5149160136,1.1976411939935558,217.171875,13899,43.171263575245646,45.0,56,13.074517243259285,17.0,0.0674652652579858,0.0387912956458536,0.998061355879396,0.0941722745991937,0.092785862243869,1.1109012762164283,64.63750350511002,43.1966176497815,1642.2375729495106,77.0494983577651,49.35441064633039,22538.28950343805,1442450.5282200351,1.1458369246681606,114.984375,7359
110,managua,216,LA,1436088.514,3.0,54.594299,Lower Middle,3.35137610256148,21.45662412367428,22.0,47,11.191069179163716,17.0,8.219881358978968,6.0,59,8.178705103553767,11.0,1.0541432419438137,78.31467377421419,59.01882951791652,2552.4591497370443,75.5912956514533,60.89849985031286,13522.333671680984,2920824.0730830925,1.4177602013302175,123.26388888888889,26625,42.4364161849711,48.0,59,12.665266001107645,16.0,0.0329596801031417,0.0228124098161145,0.976815082988513,0.0424743310527035,0.0389771277279552,1.0485510866154957,80.90528549990188,61.33280743106472,2552.465229636242,76.61594834308278,59.41757521623413,24628.91732759513,5319846.142760548,1.4076685934489404,98.29166666666669,21231
111,niamey,222,SA,1600656.083,6.0,54.406098,Low income,3.4429421715239434,12.20321845628026,9.0,47,9.642125982277747,12.0,0.1400242096268869,0.0,10,0.600255238111849,0.0,1.0261517624573226,85.79654014015908,66.64283160307674,2418.429661427387,70.18847643869093,54.41902770365508,16317.960875396113,3622587.314337937,1.551516661919681,125.17567567567568,27789,32.1214316300314,32.0,59,14.482151802013062,24.0,0.0203808850632773,0.0152623375653186,0.9854758900001006,0.0286933696277508,0.0284356632886942,1.0238488103690766,85.87201514107548,66.9826497033092,2418.4296614273867,67.68767721687854,54.17183260861787,31658.536392888844,7028195.079221323,1.5596631458749644,117.91891891891892,26178
112,abuja,319,SA,1322229.41,3.0,72.945662,Lower Middle,3.5667282690978444,2.665952951119876,1.0,14,3.2061630859651475,5.0,0.011184673897732,0.0,2,0.1224899769897739,0.0,1.0958986298521325,95.69808647727324,66.74436386112725,2337.326383173148,101.30767786791658,76.60021778252604,12867.642706174547,4104778.023269681,1.2430201436822088,109.9153605015674,35063,10.264155727083216,9.0,29,7.576852869929732,12.0,0.0363692019509236,0.0255755189007918,0.9646795597285738,0.0446362087079957,0.0416462129408477,1.0903146759428128,93.07604006198196,66.26313564144098,2337.326383173148,94.4424211847136,73.58478136301993,23278.63857136397,7425885.704265107,1.2391684038537385,78.6614420062696,25093
113,p_yongyang,228,EA,2868313.037,21.0,44.749652,Low income,3.5699673576593725,4.685480338309128,3.0,20,4.425723609367783,6.0,0.837348788624187,0.0,12,1.6657947685395058,1.0,1.0995441119033766,92.08271393892912,59.19813523950391,4613.188407445396,112.02768339653991,83.32056673350691,12895.618666973714,2940201.056070007,1.2153856521885635,117.13157894736842,26706,15.14792608170388,14.0,35,9.27416600573702,17.0,0.0356909192222358,0.0231292255299334,0.8742350836016425,0.0464138361733453,0.0437674030348144,1.0981145713907463,100.46379835413413,69.49270220634686,4613.188407445395,110.74451004969212,85.9417991401117,21889.65164314331,4990840.5746366745,1.1673900398228108,63.16228070175438,14401
114,skopje,95,EU,402733.2785,7.0,21.704189,Upper Middle,3.556863768644232,25.44379384632381,27.0,58,14.934245316038632,22.0,2.636082417278904,2.0,13,2.3920603605109005,4.0,1.0679967383245492,73.84861147185646,50.978354857772594,3487.8665872467022,86.55091943042726,61.00322942804124,16144.861175357755,1533761.8116589868,1.2946472960282829,176.56842105263158,16774,46.67681256017181,49.0,68,16.476481974907912,30.0,0.0292417137758565,0.0168912452613441,0.9516627088496412,0.0452124453360449,0.0379738094566447,1.073245191350569,86.48023336241349,60.18251603415551,2334.820024397138,99.78318457314226,69.40745742159106,26969.088353630126,2562063.393594862,1.2527586462267644,99.85263157894737,9486
115,belfast,149,EU,437125.4131,15.0,29.745848,High income,3.5761611842064736,20.746042340181457,20.0,48,10.461460153128224,14.0,2.622942955469809,1.0,61,3.9738837770394224,4.0,1.0976678962670146,55.05997216111484,36.70421000044912,3643.3486575556512,64.33206281399745,43.687481870015056,18664.591502588923,2781024.1338857496,1.2777557618104078,277.9865771812081,41420,38.63285381848953,38.0,56,11.923579185672123,18.0,0.0332834927506002,0.0201317778725637,0.9773126476762292,0.0495174394555952,0.0469839667567743,1.0864586507889973,60.20002679756404,41.61122168295702,3643.348344528826,68.73864304100513,48.83179343188066,31867.227608262187,4748216.913631066,1.2177385233763487,178.2751677852349,26563
116,oslo,244,EU,889573.2617,26.0,35.626971999999995,High income,3.5745634302228124,23.42193575841172,22.0,60,11.40320003818538,12.0,7.249482751030829,6.0,110,8.062081469102589,8.0,1.0645363274541322,48.618286442175744,34.519905364989214,1748.3636051728245,49.71318538026815,38.13412908608646,24823.022568359887,6056817.506679812,1.2577513976727466,467.77868852459017,114138,37.94363600663234,35.0,64,11.204576763105944,10.0,0.0539475026231109,0.0338086406996541,0.9961046324582656,0.075047669891258,0.0740403941063817,1.0657641067930377,54.69484207351518,38.5850105515985,1748.3639737114777,55.14577185061474,42.801863573029735,40922.27735286418,9985035.67409886,1.1979448468452745,251.27868852459017,61312
117,muscat,148,NW,734541.6733,4.0,24.936923,High income,3.55289972856139,13.723441981747069,14.0,30,7.624596213744326,12.0,0.3595827900912646,0.0,12,1.117822353597325,0.0,1.106468595215058,80.02678054735324,53.718277118033335,2295.5804290139004,99.74972180078508,66.69479588036012,13289.3120642723,1966818.1855123008,1.3596349413298563,126.79054054054056,18765,27.69024538857808,29.0,41,8.339829322451406,11.0,0.0470730175431975,0.0270623707240755,0.9875983064467696,0.0696463309207618,0.0596535396881166,1.1009449807905578,80.28386297903572,56.07791683639311,2295.580429013901,92.60320142784926,66.52628172373562,21877.89512032088,3237928.4778074897,1.3466459868165956,98.75,14615
118,islamabad,550,CA,4913527.805,11.0,131.13394599999998,Lower Middle,3.476940243254326,8.59223274949411,7.0,29,7.105392204881769,12.0,0.2474236474986934,0.0,14,0.8291309815962835,0.0,1.0638832697207397,84.90692058453779,57.93914072696824,4129.764169328134,95.31514050050755,67.22856890736112,14512.136490089952,7981675.069549475,1.320352179681323,132.9018181818182,73096,21.358209578421413,22.0,43,10.159149006539533,16.0,0.0349474617255828,0.0241983433018424,0.9942130468639596,0.0450646443209393,0.0427952506199682,1.0564821103937836,83.42544923103486,58.223167608969135,4129.764169328135,89.43926994814211,65.87192476070831,25670.61745892929,14118839.60241111,1.313560383582235,99.81272727272729,54897
119,panama_city,277,LA,1612439.467,2.0,62.027093,High income,3.5717095289601053,15.007065412877036,14.0,48,11.112304054423706,15.0,1.2866245311135092,0.0,12,1.9186637700833176,2.0,1.090614036521778,76.01927372820778,54.63844453207109,1941.0202430187087,79.22950583446125,62.70399655347612,12722.11361811743,3524025.472218528,1.2868300703972049,133.22743682310468,36904,28.5820228046794,27.0,58,14.627267012635006,21.0,0.0432576074361838,0.0270165204223601,0.9961635312432932,0.0580688297904094,0.058784801512558,1.0767508939116222,81.42084517225688,58.03227043631563,3194.925353193252,85.32542028485979,64.57985238202687,21473.351708353985,5948118.423214054,1.2779801569672735,88.62093862815884,24548
120,port_moresby,72,OC,442164.8952,2.0,8.447504,Lower Middle,3.5724631755293403,8.279524961513086,6.0,29,7.32250153707619,10.0,0.4200571805586101,0.0,7,1.031896282264149,0.0,1.1330902926784543,112.25221635501968,76.50175828217388,2120.899144770288,121.0956342743028,107.6579681123647,8479.719510485445,610539.8047549521,1.2480756542775455,62.05555555555556,4468,23.230614525139664,25.0,37,10.020537634413335,17.0,0.0470258134792032,0.028195989302363,0.9678448194203044,0.0644557652106693,0.0560151816610721,1.1271249969938155,111.48967398307562,77.55276135356839,2120.8991447702883,117.17513540940232,105.24394446518266,14617.535033336582,1052462.522400234,1.245586592178771,44.18055555555556,3181
121,asuncion,383,LA,1175481.866,14.0,113.297107,Upper Middle,3.4825600249713107,16.884066247858367,16.0,47,10.626556657366017,16.0,0.5572529982866933,0.0,11,1.31279618161922,0.0,1.0365068388882883,87.20118465070063,76.90233036914258,2607.13612978566,62.64049131958066,63.53070735671681,17452.303934804582,6684232.407030155,1.421600355352497,154.57702349869453,59203,34.48589707404271,34.0,59,11.715283309147305,16.0,0.0287731252770868,0.021597945693285,0.9353379189950192,0.0349332242909157,0.0327391560528551,1.0306455042708198,88.91730201705613,77.55466966590808,1406.347824653348,59.90991302872717,61.82213362607293,31626.93247123117,12113115.13648154,1.4516135102079215,115.49869451697128,44236
122,lima,984,LA,10828103.83,4.0,272.341473,Upper Middle,3.576773983869284,21.604225085329936,22.0,54,12.08741628543817,19.0,1.496265538590673,0.0,39,3.110791216797928,2.0,1.053812846742749,59.8993056759751,46.00918575043428,5705.404363973181,60.825505170241655,46.076419548039816,19584.942391309447,19271583.313048497,1.420443529966685,251.03658536585365,247020,37.88865129800704,39.0,61,13.66961643305068,20.0,0.0555202414757071,0.0264006874309712,0.9988389459699328,0.0871020246374732,0.0656191741364149,1.046847886539555,73.11949309382864,53.88125681032928,5705.403956457992,70.56974705998219,54.57282199124502,29609.30773946385,29135558.81563243,1.451569501339452,144.619918699187,142306
123,manila,2555,EA,25921189.32,2.0,428.382197,Lower Middle,3.555380484866788,18.47763057309134,17.0,56,12.89244086736048,21.0,1.3628150276188598,0.0,49,3.3105523968494315,1.0,1.084827192162531,72.23227702454129,47.120318146820566,3313.0051071653584,81.69661784912628,60.98623911600727,11072.119636290578,28289265.670722425,1.309956968830144,117.5412915851272,300318,37.20847698772458,39.0,68,15.232692518322734,20.0,0.0334655405604848,0.0201030771161215,0.9968370278243271,0.0509179934844887,0.0439326197798907,1.0766275513524577,74.48874493686483,49.12190097941738,3313.004591646389,82.36748909226941,63.71763239857545,20097.50069558025,51349114.27720752,1.2961486285279422,88.6105675146771,226400
124,warsaw,415,EU,1999985.522,26.0,85.95994499999999,High income,3.558850235645757,36.848580420313226,39.0,66,12.579883550367908,15.0,11.2395082260916,10.0,78,8.968452979526061,12.0,1.0474080674429105,43.06921403164958,26.712024111246023,1426.4457546292492,50.94310504625624,32.75957249302304,24389.62889054932,10121695.989577968,1.3181961078603373,569.7975903614458,236466,51.49574561190256,52.0,81,14.064480661080712,15.0,0.0255296882220916,0.0,0.991128422865842,0.0524180948075929,0.0315253949150965,1.052152557900215,60.685327707478685,37.97910258271107,2183.761283154026,72.5013218173048,54.60408514458511,29496.5787787623,12241080.193186356,1.1781494627315603,197.18313253012047,81831
125,lisbon,426,EU,1974573.68,9.0,72.878923,High income,3.5740626602558425,29.766835709943283,30.0,63,13.251275979163609,19.0,13.744572787367158,11.0,100,12.176825542876449,14.0,1.1071117972693447,58.197871295136686,38.00640039637362,2811.61180284614,68.89687870744179,49.80837699597461,19683.72228156311,8385265.691945884,1.369427535841535,266.03521126760563,113331,46.400998356072336,47.0,73,11.364091823352652,12.0,0.0584210940533665,0.036113388638557,0.99994881162576,0.0803945431305127,0.0785665654955175,1.1036094399747578,70.92241626745391,47.92361781418367,3544.464575321747,80.15423097270205,61.17660040007968,29020.420532461725,12362699.146828694,1.3532764558359431,158.99295774647888,67731
126,doha,392,NW,1980416.128,4.0,107.753901,High income,3.407466830337843,9.75874861572536,8.0,32,7.520064956507689,12.0,0.5249861572535991,0.0,17,1.435426727167363,0.0,1.0982579166672526,73.63777975521991,48.54471591956549,3191.6643671550764,84.78114007366091,66.94129227223215,17421.90971387337,6829388.607838361,1.421470099667774,173.89030612244898,68165,23.58798634601424,25.0,46,11.870904676095812,19.0,0.0292891746004487,0.0154759462318286,0.9229230711686752,0.047815364465367,0.0380938163573887,1.0922890067513848,82.1717801684186,56.71479337816879,3312.268286157228,95.67025201367368,72.47443384490882,28363.72806838917,11118581.402808553,1.431459771712772,147.14030612244898,57679
127,bucharest,260,EU,1971350.247,25.0,69.868657,High income,3.569485294734702,29.195674443196086,33.0,57,12.691843960027926,18.0,8.216790033705637,7.0,45,6.924966896088746,10.0,1.0649951192903997,66.00873055484723,44.253528020421406,2617.907686607024,70.44119293109902,55.061606033355616,18899.06119705148,4913755.911233383,1.3723481594078382,217.16538461538465,56463,47.11397602596084,50.0,66,13.650276236051564,16.0,0.0230507036391418,0.0132265719401867,0.9823132865567116,0.0366308708097371,0.0317131445199002,1.068850384119872,75.00207220493321,51.98397692927725,2617.906943787565,77.04642167823886,61.7788705118451,28599.73247928344,7435930.444613694,1.360603986842977,141.15769230769232,36701
128,moscow,1545,EU,14384081.55,26.0,288.82124,Upper Middle,3.5744043573720288,33.67195174155853,35.0,62,12.090546747273663,14.0,8.818467154000242,8.0,63,6.973100752978629,9.0,1.0700389298669877,54.204898171449216,34.133899873802534,3626.332740983041,64.25996301807383,45.192236310302974,22978.94740812799,35502473.74555775,1.3793310219300108,344.6355987055016,532462,48.74948355025439,50.0,76,13.264609126981195,12.0,0.031851975994792,0.0193800236334771,0.9967437803583096,0.0465302472703741,0.0436699692374691,1.1053082664801297,76.74915335130623,51.77628277162152,3985.2031904734977,83.80484077325126,67.6867402858767,30338.56775106577,46873087.17539661,1.2870110151613583,132.69126213592233,205008
129,kigali,286,SA,1621760.398,3.0,51.898795,Low income,3.581039868394869,7.680523479599692,5.0,30,7.445000051924428,12.0,0.8647828646470136,0.0,9,1.4206708126242695,2.0,1.0730784895050476,111.55702445038206,78.33129897588086,2061.1093796275254,112.2338081976428,95.3619203692387,11079.6408374584,3168777.2795131025,1.3299823393560657,75.53146853146853,21602,20.677881619937693,21.0,47,12.42283643933796,23.0,0.072690659499494,0.0505813338016412,0.9819653373168512,0.0794361823100707,0.0855480237625307,1.0729987444964353,114.78420782474798,80.56559044722351,2061.1093796275254,116.06030001655436,96.65282145696658,20991.8643568728,6003673.206065618,1.3234124131320393,57.31818181818182,16393
130,apia,35,OC,60041.65661,1.0,3.902673,Lower Middle,3.414150933001665,14.289843436370935,11.0,34,10.651569582933035,17.0,0.0927338418305901,0.0,2,0.3114169598741913,0.0,1.0709731149183848,94.62376257259557,65.4066270468435,954.6622636961288,95.64685135019496,82.63574103872172,7296.843862383869,255389.53518343545,1.1505419510236852,68.37142857142857,2393,28.9130081300813,37.0,38,11.887504263629944,22.0,0.0311642279720176,0.0182806011604708,0.8261444324664681,0.0516207435318837,0.0401125896774305,1.062987227300208,95.62011753123794,67.7457401668886,954.8482760435936,93.8742075216837,84.72078254692283,14293.841569241054,500284.4549234369,1.1495934959349594,44.885714285714286,1571
131,sao_tome,35,SA,154878.0805,3.0,4.100254,Lower Middle,3.5673015464562927,12.873205741626794,10.0,32,10.532733200389586,20.0,0.1842105263157894,0.0,3,0.6163944192484097,0.0,1.0740179466995343,101.83741308700507,74.70242977507735,1001.4811451149652,99.64592632637836,88.27808305500238,5857.106072689749,204998.7125441412,1.291866028708134,46.65714285714286,1633,29.225913621262457,34.0,34,7.684613326160605,6.0,0.0354736144349499,0.0230540211034621,0.5522305832034956,0.0447986824047475,0.0401313103125951,1.0693284734181874,107.62137773674252,80.86380165555519,1001.4765573224248,102.29450910296178,91.31954677702832,11149.574733526526,390235.1156734284,1.2956810631229236,32.82857142857143,1149
132,riyadh,1108,NW,7970319.431,4.0,359.453889,High income,3.212130813755984,6.590447161511551,6.0,28,4.488844717731341,7.0,0.236237054483738,0.0,51,1.4552873028334303,0.0,1.0439452957713449,93.80560930018191,69.61224861634038,6129.8717482239845,103.75905502448224,68.07998562088848,17987.05625910537,19929658.335088752,1.5085656887534205,128.97563176895306,142905,16.368589630528493,17.0,39,7.801856658475291,10.0,0.0346785654108931,0.0228776927319847,0.9883777173061,0.0459234438073546,0.0382789770149833,1.0383801394334002,89.98003079030633,69.38308783483126,10579.322070888618,95.72469989321068,60.38874218402021,29057.784076869924,32196024.75717188,1.508286123476997,122.47653429602887,135704
133,edinburgh,130,EU,530165.3007,15.0,26.559961,High income,3.5343441118627013,29.884649067934443,28.0,60,12.593905064656996,15.0,6.895074857166687,6.0,77,6.56136447293076,7.0,1.0719561837191742,51.73517280714194,35.759005602753014,1771.3573702237586,53.86074381534007,42.34418624548438,19678.467884365808,2558200.824967555,1.2677342674840486,314.2769230769231,40856,51.73116729148643,50.0,75,14.870137003840258,25.0,0.03141549389386,0.0171636835783828,0.9992215871793928,0.0532006913076676,0.0420676429370549,1.0710322486456547,63.15408400498439,43.74213995173121,1771.35227349841,65.65715094318392,53.47022197726946,30853.684840312028,4010979.029240564,1.1977314236277996,163.25384615384615,21223
134,dakar,277,SA,3970201.794,6.0,76.37702399999999,Lower Middle,3.5610733560819354,15.243670751274369,13.0,46,10.552826116304372,15.0,1.5616879889814983,0.0,25,3.04895602230196,2.0,1.0333368715363394,57.00063363171409,43.65615023994104,3341.4053571623867,55.03901243295984,33.72113041327562,20546.77352885567,5691456.26749302,1.4880088602382608,252.16606498194943,69850,33.58820735025264,33.0,57,11.937428492853924,15.0,0.0274503303551188,0.0208222686277482,0.949366653955389,0.037260155680417,0.0382470100542991,1.0307425316968004,56.46843305531375,43.67200666229632,3341.405357162387,50.31849508102461,33.19024398946625,39202.34325572563,10859049.081836,1.4888364259288582,227.1407942238267,62918
135,belgrade,191,EU,1200546.585,14.0,40.176897,Upper Middle,3.5708000635356214,31.75173333333333,33.0,61,14.056314646449833,17.0,6.0436266666666665,5.0,37,5.072023379125928,6.0,1.0545807006706174,63.24709063383371,42.27784799215278,1973.357609406678,68.30379204620772,56.37180559740156,18882.071215300868,3606475.6021224656,1.2993244444444445,247.45549738219896,47264,48.74811694899622,50.0,67,13.85073790066798,19.0,0.0448510156096394,0.0277562479335949,0.9963085100644838,0.0603739243907183,0.0628397962511543,1.0568927704330793,79.298759587053,55.93765973201031,1973.3557655689715,82.86517143996448,69.81220666554964,28665.87882559201,5475182.855688075,1.2679312571094783,122.0261780104712,23307
136,freetown,205,SA,2150532.945,2.0,46.023652,Low income,3.578954536698813,9.036739089123962,6.0,46,8.917712867951668,8.0,0.0405396845505795,0.0,2,0.2105795304358978,0.0,1.063949214255244,96.8311636023748,72.04605549965535,1798.3806092111267,88.43739976050351,78.26911097902497,8702.05135144659,1783920.5270465508,1.23025273959587,75.44878048780488,15467,21.91878625613565,15.0,55,14.977602823070187,20.0,0.0634223918567325,0.0388851707895381,0.9804940911565762,0.0783217875766417,0.0734817214108169,1.0628946714648462,96.35441803381582,72.13554056981786,1798.380609211128,86.49423945675471,77.80038409327149,16541.938479424945,3391097.3882821137,1.2289156626506024,53.04390243902439,10874
137,singapore,438,EA,5117758.838,1.0,91.682037,High income,3.571341721224904,25.16173325185241,26.0,59,11.96391001051635,14.0,5.553497313676062,5.0,26,3.856757612561416,5.0,1.142635291866033,60.72787881047125,35.452797482062415,4719.045717376146,79.1659487574433,53.870745358154565,19427.513942470418,8509251.106802043,1.3055661650497798,300.2283105022831,131500,43.141076559067095,46.0,74,15.892583769243686,14.0,0.0566579541681389,0.0264648997668779,0.9976604522232044,0.0947358981274802,0.0691886009157025,1.1426865839630878,77.51752844480623,48.74766003289511,4730.940370039181,101.79448677171509,66.37961746347317,23383.746491549013,10242080.963298468,1.3187566897639569,124.50228310502284,54532
138,bratislava,84,EU,310203.9225,15.0,18.606148,High income,3.562446861671752,38.01261622314844,38.0,70,13.814510606128213,16.0,8.902340493747996,8.0,54,6.493414251038273,8.0,1.068670549595257,43.878682157885095,27.501515749163595,1611.7159353748714,51.65677446066582,33.35981560253108,28538.3814563302,2397224.0423317365,1.288441808271882,641.7738095238095,53909,56.81430133391647,60.0,76,16.878938289249934,24.0,0.0356885351697292,0.0176525924110377,0.9704075327774278,0.0573286091505678,0.0479044313298484,1.0666557478078742,62.60849457368245,41.46927081184028,1611.7143839276812,70.05915707053049,53.89023834938005,32762.130803342687,2752018.9874807857,1.209053137983818,185.3095238095238,15566
139,ljubljana,65,EU,252735.8561,14.0,13.281124,High income,3.561529421129233,32.386160529009764,33.0,55,11.803141570869908,15.0,3.935201837146889,3.0,45,4.09958297905102,4.0,1.0595429995483472,47.59493070683277,31.19845786082267,1174.687891729127,51.11132041857568,38.11379299420837,24969.032878507653,1622987.1371029974,1.2747143291923748,468.6615384615384,30463,53.30348565094224,58.0,66,12.98308915860113,15.0,0.037259389762777,0.0141472014326282,0.935759845848584,0.0683384948077443,0.0468064134552667,1.0677740044067212,57.12373555216477,36.9975868399727,1433.9970908825717,61.7899863988172,49.22276641500856,37464.38225521207,2435184.8465887844,1.1863940550970973,249.03076923076924,16187
140,honiara,39,OC,137201.4211,1.0,5.958988,Lower Middle,3.549309382614679,5.02883506343714,2.0,23,6.132925785386524,8.0,0.1257208765859284,0.0,3,0.3846783351235398,0.0,1.0946388263577804,135.88846935825728,94.19419864397238,1042.687830721058,134.98885867509475,125.53006784053328,6543.552447559159,255198.5454548072,1.116493656286044,43.282051282051285,1688,16.72505800464037,17.0,30,8.456853694879028,14.0,0.0498463254942309,0.0319087497862498,0.7556298845609173,0.0604059374069576,0.0598389839943104,1.093873235733892,135.73269768510974,94.05979420058934,1042.6878307210582,135.65016341950638,124.52950706319568,12494.368838193435,487280.384689544,1.1119489559164732,26.205128205128204,1022
141,mogadishu,186,SA,4798452.599,6.0,48.9711,Low income,3.405062422389275,4.553659394792399,3.0,23,4.86308376686416,6.0,0.1243842364532019,0.0,3,0.3956707007767054,0.0,1.0308221525438424,76.76877064123103,52.819229150541005,1335.1400834204856,64.14045187851148,69.4813968975979,18655.636736471195,3469948.4329836424,1.626600985221675,152.19354838709677,28308,15.291326960922126,14.0,33,10.178041328489364,19.0,0.0282826923379811,0.0216322383552313,0.8674179247229812,0.0327698595164613,0.0341117397523254,1.0301928091462564,76.61120825150665,52.77588491867848,1335.1400834204856,63.83118819963404,69.53819980445272,36615.21488562331,6810429.968725936,1.625175709867866,140.1451612903226,26067
142,pretoria,477,SA,1826231.895,11.0,125.93351,Upper Middle,3.4793103894097275,10.26187225003793,9.0,37,8.349818394881249,13.0,0.1438324988620846,0.0,5,0.5084100465798451,0.0,1.0978918317474706,90.13022029803118,57.24394593601336,4357.124246502352,105.0925603452538,80.77740458142107,12397.345668708856,5913533.883974124,1.3513313609467457,107.28930817610065,51177,24.53909978854093,23.0,49,11.018761599873892,17.0,0.0402819724860879,0.0249250250433422,0.9954785144715388,0.0573510526618844,0.0536747049135956,1.089583706906926,91.4476403970524,59.1298293695758,4357.124246502353,103.39496712492412,81.63766463975288,21847.934061401444,10421464.547288489,1.346329674755815,81.67924528301887,38961
143,juba,79,SA,296086.9767,3.0,20.686983,Low income,2.877972482032555,7.150530600377962,6.0,22,5.247731573188575,8.0,0.049498473615351,0.0,2,0.2584931143723734,0.0,1.02106762470835,78.7628990404966,62.33809937806169,760.9169023529637,47.939792155211705,64.01109732593535,21620.91428597733,1708052.2285922095,1.6083006250908565,172.58227848101265,13634,19.244377920560748,20.0,34,8.426284372949418,14.0,0.031510542807641,0.0231649245128054,0.9147227571140256,0.0363424854203192,0.0341601806593808,1.0200994788668958,78.59548200275917,62.36162273215952,760.9169023529637,47.30299580967967,63.783581590427694,42434.5961248568,3352333.093863687,1.6088639018691588,153.39240506329114,12118
144,madrid,680,EU,5680136.544,7.0,137.54604799999998,High income,3.568702936275311,33.21448322965315,35.0,72,13.90037087351956,17.0,13.362228416369778,11.0,127,12.278931826303165,14.0,1.0824350491360677,58.27785598632136,36.4892858649964,3476.5774113636007,71.9307005477553,52.027741881673336,22929.679546006315,15592182.091284294,1.389935945950935,341.3764705882353,232136,48.86089914274581,51.0,87,15.482833759037335,12.0,0.0436845257078903,0.0258756811096706,0.9987472171944796,0.0658822916098519,0.0579295140384324,1.074062293625851,75.9635359549656,48.78961756025848,3476.577434308062,92.37234075568163,67.42398618082483,28154.655779802844,19145165.930265933,1.4143801143005583,153.5514705882353,104415
145,colombo_sri_jayawardenepura_kotte,1206,CA,4720932.972,1.0,214.103476,Lower Middle,3.548600107724623,9.802185730249825,7.0,44,8.925563415725431,11.0,0.4355076993010967,0.0,15,1.273740621055884,0.0,1.0941025353419565,98.52768469065576,71.90880408650449,2062.696236271818,92.09319365220368,82.526326830252,9644.275391677058,11630996.122362532,1.1581055741803512,86.21144278606965,103971,26.01022131875054,24.0,60,12.391154089836336,14.0,0.0343217388689306,0.023758126100323,0.9848183431828744,0.04218115455967,0.0408233260285086,1.0884263327610932,98.88331548801236,72.50344868948034,2451.026821838023,91.23044391207212,82.29456531799421,18656.39548606623,22499612.956195872,1.1558202345845143,55.03897180762852,66377
146,khartoum,958,NW,7114789.468,4.0,254.712552,Low income,3.052427254198313,7.23477523224222,6.0,34,6.406722123559913,8.0,0.1225633846263362,0.0,7,0.4529071191533913,0.0,1.01519290527756,71.26313889378093,55.77034905422695,4318.621772753852,58.37193927010254,43.257386137258464,19530.116977042388,18709852.064006608,1.5985798521717465,175.7651356993737,168383,16.73249394500641,16.0,43,10.225783235091225,15.0,0.0268701554882348,0.0187400626361875,0.9732819414542064,0.0362058699083714,0.0365175166286626,1.0147393964637472,70.90706020306645,55.74380599171177,3183.852543466647,56.07268078907778,42.9774121379749,38144.22358750617,36542166.196830906,1.5992722135156956,171.60960334029227,164402
147,paramaribo,102,LA,253625.5111,1.0,26.380194,Upper Middle,3.086986116919459,14.581218471090414,12.0,42,10.90796953465832,18.0,0.1857974388824214,0.0,19,1.1538668410814408,0.0,1.056953730648969,90.4564976085918,65.68725969795048,1077.862240064305,81.98700528316782,71.55710858329664,14236.25643245808,1452098.1561107242,1.2950717889018235,123.53921568627452,12601,32.646844189115754,34.0,49,13.129663046737011,23.0,0.0254736513256036,0.0156259101158252,0.8948515877215889,0.038127392467363,0.0343063118043927,1.048999660654394,91.32515765695648,66.17949688208861,1077.8622400643053,82.27159830448647,72.73239595185349,27530.95365484073,2808157.272793755,1.2985793028491577,94.48039215686276,9637
148,stockholm,339,EU,1543891.723,26.0,46.652935,High income,3.5743821158163653,24.88900349156142,24.0,58,11.356644971194632,15.0,4.9463812296102745,4.0,38,4.2253552751328005,5.0,1.0662461922031938,54.71662596959848,38.01424475727871,1379.9930082032488,54.1355051543529,47.302686677898926,22402.01967020201,7594284.668198481,1.330850275428423,325.99410029498523,110512,42.05785186588369,42.0,68,11.347086867680108,13.0,0.0407090291325484,0.0237832973637165,0.9766820773452336,0.062068249419443,0.0545080546783059,1.0684062244489494,68.72795805338997,48.73404709013112,2201.925095134886,68.16119875621612,61.04005312072898,35251.56309854673,11950279.89040734,1.3116373050451475,177.30678466076697,60107
149,bern,54,EU,193473.7685,15.0,9.097577,High income,3.566949857268764,33.97874636235817,34.0,60,12.655116985300252,16.0,6.919138083248864,6.0,80,7.712832700380851,6.0,1.05565196395371,51.66044609286019,35.149488030217206,1495.962401137371,53.73257389130767,42.3775487902755,25353.798932462607,1369105.1423529808,1.2386293038616225,442.2962962962963,23884,52.68537378114843,58.0,65,12.374117281234923,19.0,0.0492683522787193,0.0287633505111543,0.985437063363314,0.0728414946780964,0.06451047794988,1.0590501444071068,67.02401757499723,46.41891815988268,1495.960157749115,67.62276008607829,55.53776753535068,36163.18103824295,1952811.7760651195,1.2356085229324667,184.22222222222223,9948
150,damascus,270,NW,3771637.934,7.0,60.776653,Low income,3.544441859919641,12.974215470717567,9.0,41,11.149334964788272,18.0,0.1587047771337197,0.0,6,0.5292915941484274,0.0,1.0579614768040986,96.581529917631,66.07965049139561,2072.548614102897,105.03128571174982,79.71978732567119,11773.646206329284,3178884.4757089065,1.383250049970018,90.58888888888887,24459,24.61607945545614,18.0,53,15.177975791345611,27.0,0.0316590751171422,0.0192268654194277,0.9595911181767116,0.0460247470490896,0.0375893157101836,1.0573443601647383,100.24658025522648,69.53032044043863,2072.548614102897,106.03509049755225,81.6434204859102,20648.93911442378,5575213.560894421,1.379425489104842,71.81851851851852,19391
151,taipei,972,EA,9686521.352,14.0,199.162971,High income,3.561924294884613,27.45565206658747,29.0,54,13.34280234108651,20.0,8.775095011082483,7.0,76,8.11991678427488,11.0,1.0770961001504644,71.75119675123707,46.038666426339645,3916.5176294688513,94.75593270922782,58.20208777703433,15971.506360790028,15524304.182687908,1.3465963147528168,183.99794238683128,178846,45.66862899578354,48.0,70,14.024332492847137,22.0,0.047475343415868,0.0282125135809214,0.999276804084042,0.0687618470878401,0.0610177401104175,1.0744666090484638,80.47758740811331,53.461548784132745,3916.516992693787,99.72152823241852,61.337790271052114,26041.45437975745,25312293.657124247,1.3530733429626065,108.32510288065843,105292
152,dushanbe,183,CA,1471811.592,8.0,45.761071,Lower Middle,3.438655543655595,13.76031565917062,13.0,41,10.968287997506888,21.0,0.5909841138848773,0.0,12,1.2899386888042783,1.0,1.0778583150829226,101.58218976860591,71.07039157951068,2305.2839366264047,101.29655911380902,89.1855862950683,13384.424916396863,2449349.759700626,1.3091603053435117,103.7103825136612,18979,30.63274647887324,35.0,53,14.490934772433404,22.0,0.0285121560360633,0.0171301087069137,0.8496327348351339,0.0412651001928925,0.0326177905494017,1.0770951711440957,108.74945676298988,77.70132823578122,2281.4562391199265,103.7621519373866,92.41368667852464,23824.45066166681,4359874.471085027,1.2809859154929577,69.76502732240438,12767
153,dodoma,80,SA,267332.8444,6.0,20.975232,Lower Middle,3.534521047855187,6.855901156526111,4.0,39,7.62980922263423,9.0,0.5873859636520365,0.0,9,1.15204147184442,1.0,1.0487021123658409,76.85112808073575,62.68444363336246,1950.856468930907,61.168438106337526,60.25290710150176,18178.17370839703,1454253.8966717625,1.4471661518569068,172.225,13778,24.17704280155642,23.0,41,11.36954112218481,21.0,0.0254630913017703,0.017336326158221,0.7098113290421338,0.0358720717815716,0.0346577436292736,1.0469208127869296,76.86112016912871,62.84851487868783,1395.572633816107,60.74281854436529,60.21782625248227,35894.143118983106,2871531.4495186484,1.4443003314598646,155.525,12442
154,bangkok,2697,EA,19048031.94,3.0,638.3774109999999,Upper Middle,3.4816404525416105,6.354806926858175,3.0,55,8.435751686086249,8.0,0.8574414462011873,0.0,27,2.057524390406507,0.0,1.0838618171985763,73.32467517782102,46.82415567839342,5451.322828615238,92.0795490769147,52.82949852756333,16674.716260321362,44971709.75408672,1.160093457610298,202.1494252873563,545197,16.9959546600049,14.0,66,12.999038503474807,17.0,0.0296751769101161,0.0195046744396244,0.9994742888978032,0.0431092094964458,0.0408116150472185,1.0739565278433143,72.40580916774246,46.77917298373648,5266.863739213432,86.23823886006272,52.27404687405352,30554.741379660813,82406137.50094521,1.1521647689657315,125.25769373377828,337820
155,lome,346,SA,2498073.763,3.0,107.581835,Low income,3.540061722729274,13.151217076519783,10.0,41,10.767075894115228,18.0,1.3619523155660966,0.0,21,2.927665443475109,0.0,1.027396588806147,91.54994258638304,76.69442161263807,1930.650776185757,65.55458652713604,57.73178039958452,15399.70580482682,5328298.20847008,1.4961927349893895,113.9942196531792,39442,31.49124073060269,31.0,58,14.900939858883945,25.0,0.0352244979667898,0.0244135172631968,0.9707804903922344,0.0443067109152254,0.0377446237657629,1.0273829515238586,91.11058285915232,76.73763356305983,1930.6507761857567,63.455257194201366,56.81365882003335,29833.976029460635,10322555.70619338,1.496491315383467,105.5693641618497,36527
156,nuku_alofa,20,OC,51990.7662,1.0,2.785523,Upper Middle,3.245713796547833,14.1868978805395,13.0,32,8.657791984862852,16.0,0.0256904303147077,0.0,1,0.1582100885056098,0.0,1.0524699498225791,96.4608717452368,77.79077249398193,1638.9367702756967,80.67285033165041,71.77645078207516,8806.877590340118,176137.55180680237,1.2260757867694283,76.25,1525,33.38684719535783,36.0,37,5.485335451721658,5.0,0.0179311275322428,0.0121697069993735,0.3119186979457292,0.0265706171265336,0.0242595244485187,1.049493642298923,96.36964050894174,78.77364157569079,720.2818343292533,70.50544699375162,71.41086955807268,17274.258061227807,345485.16122455616,1.236621534493875,55.05,1101
157,port_of_spain,154,LA,474069.7262,2.0,38.653551,High income,3.361995220982492,15.678334561532791,14.0,40,9.590053072520382,14.0,0.0941151700178966,0.0,6,0.4891561274514157,0.0,1.1124785617660358,87.62094079842046,65.4050039446224,1833.9825261316605,83.70610590844083,71.80233010744841,12573.036037425294,1936247.549763496,1.222707653437204,119.72077922077922,18437,33.62550184679621,34.0,48,8.62098582851377,9.0,0.045065643732474,0.0231917152839299,0.9709505922472056,0.0676837033064809,0.0531848965434059,1.0985737828983964,89.05174230977413,66.66114011438376,1833.9782226460952,83.28280561723057,73.42707499796725,23469.760163161056,3614343.065126803,1.2193672715593384,82.33766233766234,12680
158,tunis,488,NW,2790169.019,8.0,114.8728,Lower Middle,3.487017090717222,15.217759308595394,15.0,39,9.46059589587166,14.0,1.742877538273273,1.0,26,2.340542612111695,3.0,1.057715337123338,70.36498861305046,49.75843423689541,8698.941981052354,93.2634541345107,52.89385571500779,15168.413334276782,7402185.707127069,1.4316307409909623,158.42418032786884,77311,33.20329641140064,35.0,55,9.926353201047762,10.0,0.027973097185692,0.0180182708948175,0.9588418599820716,0.0401279801854514,0.0383677972142967,1.055450964856394,70.0321553603653,50.47292463000135,8698.941981052354,87.73059864925764,52.71368258196534,27379.12854154084,13361014.728271931,1.4297420777219965,134.37090163934425,65573
159,ankara,357,NW,3695989.495,7.0,72.49444,Upper Middle,3.56776310782846,17.549056092493903,18.0,44,8.388512925154833,12.0,2.3243248125733897,1.0,61,4.209667091560357,4.0,1.0569030975647824,84.95090291727159,63.31673870489819,3419.704573129801,89.04030633137857,70.38148406542251,17785.673212172635,6349485.336745631,1.465468340709963,147.36974789915968,52611,33.59986466937328,35.0,56,10.718581098046675,14.0,0.0586525674104734,0.0409998032206343,0.9939868735443668,0.0650661223903871,0.0664769719691264,1.0513529893169948,94.00104279710808,72.38988573726105,3419.704573129803,88.39639533301502,70.42342680959676,29090.031392665835,10385141.207181703,1.488403565262028,107.46778711484592,38366
160,ashgabat,123,CA,1078866.812,5.0,29.347863,Upper Middle,3.4361908354681807,14.76246603510318,15.0,36,7.047506085676853,10.0,2.226628479106999,2.0,12,1.9545700344310792,2.0,1.0761157829834878,75.04041845524029,48.09107604986651,1640.8310618380692,89.37275685467014,66.12000945361592,19635.57616245454,2415175.8679819084,1.395057648527576,193.8780487804878,23847,32.316636538573675,36.0,49,11.627272296323968,16.0,0.0247529416244476,0.0155799724459702,0.7837878827100934,0.0359706989870647,0.033441698615053,1.077279994568254,85.20907795604131,60.33657461405456,2207.7105116935104,90.0514032108939,69.06874990442905,29517.671566089142,3630673.602628965,1.3982156393958831,117.00813008130082,14392
161,kampala,810,SA,5177877.659,1.0,166.706125,Low income,3.58023455356598,12.582726709072956,10.0,47,10.525277726298292,17.0,0.1319953154063425,0.0,9,0.5642679360056018,0.0,1.0774254288120515,87.78786355896344,64.89750103063827,3007.1614541394347,81.38214813667078,76.63837345856548,10313.123126765782,8353629.7326802835,1.1600225044205112,104.5246913580247,84665,30.11665354695314,30.0,56,12.190919215708936,18.0,0.0535722359938771,0.0389194253077972,0.9896582313306528,0.0622550341879911,0.0644932370155031,1.074290404718201,88.16911119300715,65.43809068811021,3007.1614541394347,80.27396649280688,76.9847013001629,20264.200722526144,16414002.585246176,1.156961937395814,68.48765432098766,55475
162,kyiv,410,EU,2575199.121,26.0,83.978698,Lower Middle,3.5676705179683066,32.3494144642645,34.0,59,10.995884869802673,11.0,6.528057571949305,6.0,40,5.787367683559203,8.0,1.071019768476308,56.0798355483991,35.89249922256378,2774.6728420768136,64.69942128842919,47.71860809537274,24007.77759826965,9843188.81529056,1.3859346375805777,344.5536585365854,141267,47.51255214064539,49.0,70,12.382843086563016,12.0,0.0323436322151751,0.018648171853422,0.9939408244611097,0.0482985747258358,0.0436048403646935,1.0882191228010338,76.70003190568173,53.399329917883016,2805.5692180742426,81.19602175914058,66.02434177554069,32846.882200232474,13467221.702095317,1.280062440821967,139.71219512195125,57282
163,abu_dhabi,107,NW,508975.565,4.0,16.814602,High income,3.210710884163422,23.25131186530258,23.0,46,10.696906057191086,17.0,2.993355732568236,2.0,23,3.601841963416044,5.0,1.083202859382837,59.8472766152245,36.66612233243013,4603.596916273635,80.3493958199389,53.15033929617584,17913.91191992907,1916788.5754324105,1.404167767752652,224.6635514018692,24039,38.21151278627914,40.0,57,12.725238404571623,21.0,0.053387846518127,0.0238300034120201,0.997334291520688,0.0896329203253592,0.064732125583977,1.0806000961653963,69.68568050510565,44.754809968082654,5196.609681949968,101.22568516915216,62.14007326857298,25275.71271404813,2704501.26040315,1.399558385539694,156.70093457943926,16767
164,london,1649,EU,10408332.24,15.0,382.426452,High income,3.5720894985439893,28.19813435920043,27.0,63,12.736881784973797,19.0,8.396511523784595,6.0,94,8.505064346887991,8.0,1.0722903772242478,58.07562083746307,38.943804719263824,3760.847322121314,63.33093058214563,48.16170773174364,19250.641950648773,31744308.576619823,1.2583122098389563,287.8726500909642,474702,46.67715619814512,46.0,83,14.085650471922603,17.0,0.0289569150015373,0.0144652896842632,0.9997181168803376,0.0501392639130424,0.0389585354963783,1.0652429404117414,64.58129426899303,43.918843053630695,3526.3861707199617,71.01083539151728,54.110554498663646,29171.39803604399,48103635.36143654,1.1973913379040662,163.5979381443299,269773
165,washington,1301,,3471725.09,14.0,231.319836,High income,3.548679095404537,19.45274526565776,18.0,52,11.819014177536037,18.0,3.81285090301712,1.0,52,5.5113932615247405,6.0,1.1169254984699764,65.350853767111,41.86133286240684,4374.603435413006,77.16842796057738,61.80620118624277,19462.59938555329,25320841.80060483,1.338463281902458,259.2467332820907,337280,35.34625928325774,36.0,66,12.75920739877451,18.0,0.0413186836653176,0.0256784951371802,0.994472579451141,0.0592717974540746,0.0553805525295431,1.0995138886029987,71.92914205458469,49.20327725620188,3318.675102104837,78.9531175990606,65.65464014417051,30647.730286352107,39872697.10254409,1.34907541245078,144.74634896233667,188315
166,montevideo,237,LA,1219221.866,14.0,75.049396,High income,3.5215924211271394,20.523043280934107,18.0,51,11.922686226308077,18.0,9.260923381606634,8.0,61,7.381778343010003,9.0,1.023008390128411,90.76507917754512,82.24438111661011,2966.523805114711,80.0302440067796,73.68585406942312,13619.357576843291,3227787.74571186,1.5482939307670092,97.59071729957806,23129,38.04896172638436,39.0,59,12.642910463849155,18.0,0.03320674118472,0.0222611788797338,0.9720555939856492,0.0442929226952408,0.0352858342111589,1.0231738374977737,102.59154431348858,95.87419642916058,3119.5088091621674,86.7406476069204,71.55939951899413,21963.247997374616,5205289.775377784,1.5602605863192185,73.86919831223629,17507
167,tashkent,598,CA,3874652.58,8.0,177.346711,Lower Middle,3.558380763368366,22.60558089308075,25.0,45,11.689354269477684,19.0,2.058003147724792,1.0,17,2.494190389407488,3.0,1.06495375735761,84.48398561017811,58.11431877375607,2980.770868895552,94.97435284395291,77.8586748752785,14595.526818349685,8728125.03737311,1.333417579009041,135.2541806020067,80882,38.04457567534229,41.0,59,13.564463392822868,18.0,0.0235629757984509,0.0150459532849483,0.9979562522013572,0.033656354833136,0.0317199308631108,1.0673439526707034,98.29375166894826,72.0300026414593,2400.9150357259423,98.84927387338467,82.26582964344044,24836.759974383647,14852382.46468142,1.3254132231404958,83.91471571906355,50181
168,port_vila,34,OC,72613.04782,1.0,3.350259,Lower Middle,3.5066461417956925,12.950198075834749,13.0,30,9.15117384273033,16.0,0.9711375212224108,0.0,9,1.8688656322271928,1.0,1.086582093390612,106.60680162300812,74.94123461964202,1080.1053293012178,103.20894439552062,99.13919435729454,6546.911817318852,222595.0017888409,1.2297679683078664,50.73529411764706,1725,25.7989749430524,30.0,33,9.059347422117892,7.0,0.049968484531878,0.0319625540696762,0.9281380694655996,0.0653137097193547,0.0559778498893605,1.0796481909196054,108.0761000047847,77.84574717501563,925.5976031471092,101.8737166233618,100.12558828103866,12584.50823291008,427873.27991894266,1.2220956719817768,35.38235294117647,1203
169,caracas,311,LA,2667322.485,3.0,67.404004,Upper Middle,3.5709004028745253,16.849147939706402,15.0,52,13.67961095340904,25.0,2.0671415640127515,0.0,24,3.6719307115214286,3.0,1.17861466714795,102.5479462711736,68.23566888957488,2507.481333144098,118.77760460526888,89.56558728804784,10089.92654629554,3137967.1558979126,1.2775394545239875,78.34083601286174,24364,33.378978501743696,37.0,59,17.936474016484457,29.0,0.0772916695821746,0.0497744998467141,0.9884064883024632,0.0955047288209199,0.0889099873193116,1.1798309016808104,111.62829809956988,73.35958728260785,2507.4813246754425,129.2724915509384,97.69131339779652,16510.220115704233,5134678.455984016,1.2761223678982916,52.67202572347267,16381
170,hanoi,925,EA,4965520.0,11.0,161.863932,Lower Middle,3.579523569236385,14.570630326173816,11.0,49,12.396335051980166,18.0,1.8947972012615064,1.0,29,2.5367225889218235,3.0,1.0699204578293413,72.17751026984301,48.41803825036033,3804.211117798038,84.40675316641101,58.381324833214165,14807.938006960992,13697342.65643892,1.2914213907070655,168.01513513513513,155414,28.95733789617623,27.0,59,16.342106978237013,26.0,0.0258591767865908,0.0166708639025155,0.9998922658751046,0.0378696969839984,0.0353921553906109,1.0588415832923923,75.48335413241998,52.21910555094475,3805.05907164678,81.79528004194631,58.226316623763886,26509.01953867109,24520843.07327076,1.2744435455580294,109.9827027027027,101734
171,cardiff,113,EU,388459.7329,15.0,23.650712,High income,3.575499764397266,23.91994067989961,23.0,53,11.649282121284031,16.0,3.800616016427105,2.0,46,4.853393861288604,5.0,1.0957763437039747,56.94817387327977,37.75812601799619,2883.204194084316,66.07605624892629,46.58336023760497,19208.669444071315,2170579.6471800585,1.2457221081451062,298.76106194690266,33760,43.537705035713,42.0,64,13.67967365075901,23.0,0.0288305447058689,0.0136969609974863,0.9827178441862496,0.05073693310201,0.0391096684607505,1.0715097972244538,60.619672977057455,41.0920975928312,2887.155491729893,72.29212173789145,49.5891674023451,28883.93303036042,3263884.4324307274,1.20914540038046,171.00884955752213,19324
172,sana_a,218,NW,3759519.651,4.0,45.001952,Low income,3.522233165738757,15.983046911286577,17.0,32,7.941714089020246,12.0,0.1176033441709242,0.0,6,0.5254431404524634,0.0,1.0554044452930598,98.41573687671854,71.18823889966566,2519.531867767103,93.69523198585269,72.99276852482292,13987.223741520049,3049214.77565137,1.4839758476544356,97.651376146789,21288,30.749474789915965,31.0,45,9.123265907370635,12.0,0.0255420197787925,0.0168671961725123,0.8861591473133519,0.0344329154782042,0.0304688160063804,1.0576858511028182,96.8043949804678,71.26168916380678,2519.531867767103,88.16969464708613,69.13626009300111,24415.134150532474,5322499.24481608,1.4851508785332317,87.6559633027523,19109
173,lusaka,360,SA,3658064.188,11.0,106.649015,Lower Middle,3.4953348567482774,7.076722640416908,5.0,26,6.7506775164555295,10.0,0.2130862767805443,0.0,9,0.7385427717318316,0.0,1.0541531738601897,102.36239665859604,74.8246127603647,2193.82552419855,90.80839084943706,86.97672017636266,12820.037161517,4615213.378146119,1.357527504342791,94.81388888888888,34133,22.126272559000466,21.0,48,12.456732955171535,19.0,0.0187191342126689,0.0126503214889569,0.599556699019804,0.0256855982965692,0.0262067587227025,1.0508233899615027,102.19344299434216,75.0012816244072,2193.8255241985503,89.74895883739588,86.5008938007094,24862.813068498494,8950612.704659458,1.3570974086071264,77.67222222222222,27962
174,harare,603,SA,2076037.334,12.0,121.282388,Lower Middle,3.572827695176558,4.652571066669915,3.0,35,5.392507057806892,5.0,0.0287433317906121,0.0,3,0.1760294176928566,0.0,1.1086408948693376,116.76458528174176,79.78705576327688,1712.380206937772,110.58554444529032,100.42056190900512,10662.949673506457,6429758.653124392,1.3664774803303048,66.92537313432835,40356,14.767058766696456,13.0,41,8.874488157256408,10.0,0.0215586576387325,0.0156083402481359,0.5791043013100207,0.0276738658278955,0.0295838712248435,1.092402464428714,115.31643814577517,79.31979090649529,1635.1895434512094,107.98601996815108,99.22248769482508,20598.805144271773,12421079.50199588,1.3642665636095743,56.07131011608624,33811
175,seoul,2282,EA,22261691.61,21.0,468.286711,High income,3.561076514352785,23.032725601728806,24.0,49,10.030712151656964,13.0,7.2666012568618195,6.0,84,6.327381726151214,9.0,1.085709573500736,77.40499527738574,48.32661023407286,5668.213153937314,110.77724925508404,62.21635413168732,16816.082584889024,38374300.45871675,1.3961822201246925,161.89000876424188,369433,40.05457921413158,41.0,61,10.116451739137764,12.0,0.048818259863284,0.0285490901318271,0.9996900575886696,0.0684037304274714,0.0640747473073008,1.0813330427843362,83.40330195294489,53.78911777148952,5668.213153937313,111.93412115649824,64.79206957246728,27264.437073077865,62217445.40076369,1.4055870594335993,107.17397020157756,244571
176,new_delhi,2139,CA,31422507.92,6.0,528.793714,Lower Middle,3.4375677174178727,8.060593691814791,6.0,45,8.026511014452842,11.0,0.6684093107516481,0.0,39,1.83393665518148,0.0,1.0503788276899364,74.53854671145952,50.258682162271256,6155.034344121565,90.6347214947924,62.97728391954554,16350.007570361371,34972666.19300298,1.3863358065832807,164.21692379616644,351260,22.269134984002537,22.0,58,13.32257233458552,20.0,0.0340695079210022,0.0219196088855687,0.9957101205208218,0.0471999147694845,0.0460853733088237,1.0460653604782144,72.53406581250168,50.085649075130526,6155.034344121566,83.49228577372224,61.31878383564244,29441.54001199832,62975454.08566439,1.3876978064739285,132.68302945301542,283809
177,jakarta,4614,EA,40545125.86,1.0,972.122411,Upper Middle,3.474639319975989,7.6480725169335555,5.0,41,7.513890715026037,11.0,0.9066194238209112,0.0,38,2.830994535247696,0.0,1.088220991660445,66.54651282920368,47.048480299772,3457.031832986544,67.20156466473328,52.82445281893756,13857.74159853326,63939619.73563246,1.2747981119555285,166.16124837451235,766668,19.960408835599647,20.0,51,11.228371209079498,17.0,0.0300596483655999,0.0195595633741066,0.9984157307416666,0.0440860409137069,0.0402228998222624,1.082651617215716,65.74249028143053,46.70415009003456,3606.2078556654615,66.08228439296042,52.266808321501806,26155.594189392126,120681911.58985528,1.265011316161351,128.40420459471176,592457
178,tokyo,5165,EA,33155906.87,14.0,1455.991374,High income,3.574213863428573,26.96502852203307,27.0,62,10.53580258608339,14.0,4.863881284671501,4.0,79,5.454768483560727,7.0,1.0559351122688814,59.288841532305604,43.35146280815768,4051.0379915408594,58.61092328060888,46.73466146513457,22786.773753603975,117693686.43736453,1.3557093532702924,307.7030009680542,1589286,43.93067393201163,45.0,77,9.745664608897663,10.0,0.037194488831685836,0.022764562778222617,5.845827051801589,0.06279022158667943,0.048485417944143044,1.0545118675714262,62.01795744689575,45.99593931839744,6103.003287085333,59.95927761794803,47.532682908265556,40510.74217910994,209237983.35510284,1.3696672811006652,216.78218780251694,1119680
